t,h,y,y_potential,y_autonomous,r_expected,r_cb,r_natural,pi,pi_expected,pi_long_run,pi_target,gamma,theta,alpha,phi_pi,phi_y,chi,eta
-1,0.0,1.0,1.0,1.1,0.05,0.05,0.050000000000000044,0.035,0.035,0.035,0.035,2.0,0.3,0.25,1.5,0.25,0.1,0.05
0,0.010000000000000009,1.01,1.0,1.11,0.05,0.05,0.05500000000000005,0.037500000000000006,0.035,0.03500000000000001,0.035,2.0,0.3,0.25,1.5,0.25,0.1,0.05
1,0.0017250000000001986,1.0022250000000001,1.0005,1.11,0.053887500000000005,0.052500000000000005,0.054750000000000076,0.036356250000000055,0.035925000000000006,0.03525000000000001,0.035,2.0,0.3,0.25,1.5,0.25,0.1,0.05
2,0.0020458125000002436,1.0026320625,1.0005862499999998,1.11,0.05368396875000008,0.052931250000000055,0.054706875000000155,0.03601326562500008,0.03550181250000002,0.03513562500000001,0.035,2.0,0.3,0.25,1.5,0.25,0.1,0.05
3,0.0013013282812501803,1.0019898689062499,1.0006885406249997,1.11,0.05400506554687516,0.053442703125000116,0.05465572968750021,0.03570024035156258,0.035374908281250034,0.035101326562500014,0.035,2.0,0.3,0.25,1.5,0.25,0.1,0.05
4,0.0009330557800781847,1.0016866628191403,1.0007536070390621,1.11,0.0541566685904299,0.05376803519531266,0.05462319648046898,0.03549235287509771,0.03525908893007816,0.035070024035156265,0.035,2.0,0.3,0.25,1.5,0.25,0.1,0.05
5,0.0006506301999111841,1.0014508900279773,1.000800259828066,1.11,0.054274554986011435,0.05400129914033221,0.054599870085967006,0.03534482811376395,0.035182170563786155,0.03504923528750978,0.035,2.0,0.3,0.25,1.5,0.25,0.1,0.05
6,0.0004565360750403702,1.001289327413102,1.0008327913380617,1.11,0.054355336293449,0.05416395669031,0.054583604330969204,0.03524172042085276,0.03512758640209267,0.0350344828113764,0.035,2.0,0.3,0.25,1.5,0.25,0.1,0.05
7,0.00031989077289962253,1.0011755089147134,1.0008556181418138,1.11,0.05441224554264337,0.054278090709070095,0.054572190929093156,0.03516940924894043,0.035089436555715524,0.035024172042085286,0.035,2.0,0.3,0.25,1.5,0.25,0.1,0.05
8,0.00022421624862745126,1.0010958289290863,1.0008716126804589,1.11,0.05445208553545693,0.054358063402295,0.05456419365977061,0.03511873548426482,0.03506268142210796,0.03501694092489405,0.035,2.0,0.3,0.25,1.5,0.25,0.1,0.05
9,0.00015714519067233645,1.0010399686835625,1.0008828234928902,1.11,0.05448001565821884,0.054414117464451864,0.054558588253554974,0.03508321842684607,0.03504393212917799,0.03501187354842649,0.035,2.0,0.3,0.25,1.5,0.25,0.1,0.05
10,0.00011013926953729047,1.0010008200219611,1.0008906807524238,1.11,0.05449958998901951,0.05445340376211995,0.05455465962378814,0.03505832563531737,0.03503079081793305,0.03500832184268461,0.035,2.0,0.3,0.25,1.5,0.25,0.1,0.05
11,7.719366988867549e-05,1.0009733813857893,1.0008961877159006,1.11,0.054513309307105406,0.05448093857950427,0.054551906142049744,0.035040878902539596,0.03502158048506743,0.03500583256353174,0.035,2.0,0.3,0.25,1.5,0.25,0.1,0.05
12,5.410302483332963e-05,1.0009541504242283,1.000900047399395,1.11,0.05452292478788591,0.05450023699697644,0.05454997630030256,0.03502865095014798,0.03501512519393965,0.035004087890253964,0.035,2.0,0.3,0.25,1.5,0.25,0.1,0.05
13,3.7919388329532566e-05,1.0009406719389662,1.0009027525506367,1.11,0.0545296640305169,0.05451376275318477,0.05454862372468172,0.035020080698637136,0.03501060085155475,0.0350028650950148,0.035,2.0,0.3,0.25,1.5,0.25,0.1,0.05
14,2.6576703925584866e-05,1.0009312252239786,1.000904648520053,1.11,0.054534387388010766,0.054523242600267155,0.054547675739973545,0.03501407403447714,0.035007429858495746,0.03500200806986372,0.035,2.0,0.3,0.25,1.5,0.25,0.1,0.05
15,1.8626913984132187e-05,1.0009246042692335,1.0009059773552493,1.11,0.054537697865383365,0.05452988677624855,0.05454701132237538,0.03500986412125258,0.035005207392756546,0.03500140740344772,0.035,2.0,0.3,0.25,1.5,0.25,0.1,0.05
16,1.3055114971960435e-05,1.0009199638159205,1.0009069087009486,1.11,0.05454001809203977,0.054534543504744584,0.05454654564952577,0.03500691350360645,0.03500364972486346,0.03500098641212526,0.035,2.0,0.3,0.25,1.5,0.25,0.1,0.05
17,9.149987324708064e-06,1.0009167114440218,1.0009075614566971,1.11,0.054541644277989146,0.054537807283487574,0.054546219271651486,0.035004845493165564,0.03500255799633439,0.03500069135036065,0.035,2.0,0.3,0.25,1.5,0.25,0.1,0.05
18,6.412985885440037e-06,1.0009144319419487,1.0009080189560633,1.11,0.05454278402902564,0.05454009478031875,0.0545459905219684,0.03500339607894262,0.03500179283247126,0.03500048454931656,0.035,2.0,0.3,0.25,1.5,0.25,0.1,0.05
19,4.494693436107866e-06,1.0009128342987936,1.0009083396053575,1.11,0.05454358285060326,0.05454169802679011,0.05454583019732129,0.0350023802225678,0.03500125654920877,0.03500033960789427,0.035,2.0,0.3,0.25,1.5,0.25,0.1,0.05
20,3.150212622315962e-06,1.0009117145526516,1.0009085643400293,1.11,0.05454414272367427,0.05454282170014914,0.05454571782998541,0.03500166823550567,0.03500088068235009,0.03500023802225679,0.035,2.0,0.3,0.25,1.5,0.25,0.1,0.05
21,2.207901319106753e-06,1.0009109297519794,1.0009087218506603,1.11,0.05454453512401036,0.05454360925330472,0.054545639074669916,0.03500116922246688,0.0350006172471371,0.035000166823550574,0.035,2.0,0.3,0.25,1.5,0.25,0.1,0.05
22,1.547460066531059e-06,1.0009103797057928,1.0009088322457262,1.11,0.054544810147103606,0.054544161228634494,0.05454558387713693,0.03500081947732938,0.03500043261231275,0.03500011692224669,0.035,2.0,0.3,0.25,1.5,0.25,0.1,0.05
23,1.0845741327258906e-06,1.0009099941928623,1.0009089096187296,1.11,0.05454500290356892,0.05454454809365113,0.05454554519063526,0.03500057435014505,0.03500030320661187,0.03500008194773294,0.035,2.0,0.3,0.25,1.5,0.25,0.1,0.05
24,7.601495342068887e-07,1.0009097239969704,1.0009089638474362,1.11,0.05454513800151481,0.05454481923718431,0.05454551807628194,0.035000402546937225,0.03500021250955367,0.03500005743501451,0.035,2.0,0.3,0.25,1.5,0.25,0.1,0.05
25,5.327688510359252e-07,1.000909534623764,1.000909001854913,1.11,0.05454523268811802,0.05454500927456786,0.05454549907254358,0.035000282134579536,0.03500014894236678,0.03500004025469373,0.035,2.0,0.3,0.25,1.5,0.25,0.1,0.05
26,3.734037004043955e-07,1.0009094018970557,1.0009090284933553,1.11,0.05454529905147226,0.05454514246678062,0.05454548575332241,0.03500019774071953,0.03500010438979443,0.03500002821345796,0.035,2.0,0.3,0.25,1.5,0.25,0.1,0.05
27,2.617088497025577e-07,1.00090930887239,1.0009090471635402,1.11,0.05454534556380507,0.05454523581770572,0.05454547641822993,0.03500013859127866,0.03500007316406623,0.03500001977407196,0.035,2.0,0.3,0.25,1.5,0.25,0.1,0.05
28,1.8342486174383055e-07,1.0009092436738445,1.0009090602489827,1.11,0.0545453781630778,0.054545301244918146,0.05454546987550868,0.03500009713498854,0.035000051278773106,0.035000013859127876,0.035,2.0,0.3,0.25,1.5,0.25,0.1,0.05
29,1.2855766984287698e-07,1.0009091979778957,1.0009090694202258,1.11,0.05454540101105222,0.05454534710113358,0.05454546528988713,0.03500006807936323,0.035000035939945766,0.03500000971349886,0.035,2.0,0.3,0.25,1.5,0.25,0.1,0.05
30,9.010269552689465e-08,1.000909165950805,1.0009090758481094,1.11,0.05454541702459763,0.05454537924055104,0.05454546207594535,0.03500004771503828,0.035000025189364396,0.03500000680793633,0.035,2.0,0.3,0.25,1.5,0.25,0.1,0.05
31,6.315061362727192e-08,1.0009091435038577,1.000909080353244,1.11,0.05454542824807117,0.054545401766224924,0.054545459823377995,0.035000033442217575,0.03500001765456417,0.035000004771503834,0.035,2.0,0.3,0.25,1.5,0.25,0.1,0.05
32,4.4260607179325007e-08,1.000909127771382,1.0009090835107748,1.11,0.054545436114309086,0.05454541755387833,0.054545458244612655,0.0350000234387723,0.03500001237362051,0.035000003344221764,0.035,2.0,0.3,0.25,1.5,0.25,0.1,0.05
33,3.1021097468553194e-08,1.0009091167449027,1.0009090857238052,1.11,0.05454544162754875,0.054545428619030126,0.05454545713809744,0.03500001642762012,0.035000008672345755,0.035000002343877235,0.035,2.0,0.3,0.25,1.5,0.25,0.1,0.05
34,2.1741872746616764e-08,1.0009091090167328,1.00090908727486,1.11,0.05454544549163366,0.05454543637430449,0.05454545636257002,0.03500001151368764,0.03500000607821945,0.03500000164276202,0.035,2.0,0.3,0.25,1.5,0.25,0.1,0.05
35,1.5238307948806096e-08,1.0009091036002615,1.0009090883619536,1.11,0.05454544819986932,0.05454544180977268,0.05454545581902326,0.03500000806964142,0.03500000426006443,0.03500000115136877,0.035,2.0,0.3,0.25,1.5,0.25,0.1,0.05
36,1.0680129891582624e-08,1.000909099803999,1.000909089123869,1.11,0.05454545009800066,0.05454544561934967,0.05454545543806555,0.035000005655799804,0.03500000298576733,0.03500000080696415,0.035,2.0,0.3,0.25,1.5,0.25,0.1,0.05
37,7.48542272610564e-09,1.0009090971432981,1.0009090896578754,1.11,0.05454545142835103,0.05454544828938214,0.05454545517106235,0.03500000396400161,0.03500000209264593,0.03500000056557999,0.035,2.0,0.3,0.25,1.5,0.25,0.1,0.05
38,5.246336254316475e-09,1.0009090952784827,1.0009090900321465,1.11,0.054545452360758716,0.05454545016073782,0.05454545498392682,0.03500000277826466,0.0350000014666806,0.035000000396400166,0.035,2.0,0.3,0.25,1.5,0.25,0.1,0.05
39,3.6770193556634467e-09,1.0009090939714826,1.0009090902944633,1.11,0.054545453014258775,0.054545451472321885,0.054545454852768405,0.03500000194721277,0.03500000102795793,0.035000000277826473,0.035,2.0,0.3,0.25,1.5,0.25,0.1,0.05
40,2.5771262901486125e-09,1.0009090930554405,1.0009090904783142,1.11,0.05454545347227981,0.054545452391576724,0.05454545476084294,0.0350000013647503,0.03500000072046873,0.035000000194721284,0.035,2.0,0.3,0.25,1.5,0.25,0.1,0.05
41,1.806240268464876e-09,1.0009090924134108,1.0009090906071705,1.11,0.054545453793294715,0.054545453035858296,0.05454545469641481,0.03500000095651768,0.035000000504957614,0.035000000136475036,0.035,2.0,0.3,0.25,1.5,0.25,0.1,0.05
42,1.2659462367281549e-09,1.0009090919634287,1.0009090906974825,1.11,0.05454545401828567,0.05454545348741836,0.05454545465125882,0.0350000006703981,0.03500000035391154,0.035000000095651775,0.035,2.0,0.3,0.25,1.5,0.25,0.1,0.05
43,8.872687029537474e-10,1.0009090916480483,1.0009090907607796,1.11,0.054545454175975866,0.05454545380390492,0.054545454619610245,0.03500000046986448,0.0350000002480473,0.035000000067039815,0.035,2.0,0.3,0.25,1.5,0.25,0.1,0.05
44,6.218634496235609e-10,1.0009090914270065,1.000909090805143,1.11,0.054545454286496875,0.0545454540257221,0.054545454597428544,0.03500000032931572,0.035000000173849855,0.03500000004698645,0.035,2.0,0.3,0.25,1.5,0.25,0.1,0.05
45,4.3584758024906023e-10,1.0009090912720837,1.0009090908362361,1.11,0.054545454363958176,0.05454545418118796,0.05454545458188198,0.03500000023080871,0.035000000121846814,0.03500000003293158,0.035,2.0,0.3,0.25,1.5,0.25,0.1,0.05
46,3.05474312511933e-10,1.0009090911635028,1.0009090908580285,1.11,0.05454545441824869,0.054545454290149856,0.05454545457098581,0.035000000161767804,0.035000000085399226,0.03500000002308088,0.035,2.0,0.3,0.25,1.5,0.25,0.1,0.05
47,2.1409873873778906e-10,1.000909091087401,1.0009090908733023,1.11,0.05454545445629956,0.054545454366518434,0.054545454563348916,0.035000000113378775,0.03500000005985409,0.035000000016176785,0.035,2.0,0.3,0.25,1.5,0.25,0.1,0.05
48,1.5005618969610168e-10,1.0009090910340634,1.0009090908840073,1.11,0.05454545448296834,0.05454545442004312,0.05454545455799642,0.035000000079464196,0.03500000004195015,0.035000000011337885,0.035,2.0,0.3,0.25,1.5,0.25,0.1,0.05
49,1.0517053894432138e-10,1.0009090909966805,1.00090909089151,1.11,0.05454545450165979,0.054545454457557166,0.05454545455424509,0.03500000005569439,0.035000000029401755,0.035000000007946425,0.035,2.0,0.3,0.25,1.5,0.25,0.1,0.05
50,7.371125931854294e-11,1.0009090909704796,1.0009090908967684,1.11,0.05454545451476018,0.0545454544838498,0.05454545455161586,0.03500000003903474,0.03500000002060692,0.035000000005569444,0.035,2.0,0.3,0.25,1.5,0.25,0.1,0.05
51,5.166245209409226e-11,1.0009090909521163,1.0009090909004539,1.11,0.05454545452394189,0.054545454502277615,0.05454545454977311,0.035000000027358466,0.03500000001444285,0.03500000000390348,0.035,2.0,0.3,0.25,1.5,0.25,0.1,0.05
52,3.6208813725124855e-11,1.0009090909392457,1.000909090903037,1.11,0.05454545453037718,0.05454545451519323,0.05454545454848159,0.03500000001917484,0.035000000010122635,0.03500000000273586,0.035,2.0,0.3,0.25,1.5,0.25,0.1,0.05
53,2.5377921986091678e-11,1.0009090909302252,1.0009090909048473,1.11,0.054545454534887475,0.05454545452424543,0.05454545454757642,0.03500000001343918,0.035000000007094696,0.03500000000191749,0.035,2.0,0.3,0.25,1.5,0.25,0.1,0.05
54,1.7786661032914708e-11,1.0009090909239027,1.000909090906116,1.11,0.054545454538048654,0.05454545453058991,0.05454545454694204,0.03500000000941916,0.0350000000049725,0.03500000000134393,0.035,2.0,0.3,0.25,1.5,0.25,0.1,0.05
55,1.2466472298910958e-11,1.0009090909194718,1.0009090909070053,1.11,0.05454545454026421,0.05454545453503658,0.054545454546497396,0.03500000000660171,0.03500000000348509,0.035000000000941923,0.035,2.0,0.3,0.25,1.5,0.25,0.1,0.05
56,8.737233159195057e-12,1.0009090909163658,1.0009090909076286,1.11,0.05454545454181714,0.054545454538153196,0.054545454546185757,0.03500000000462694,0.03500000000244263,0.03500000000066018,0.035,2.0,0.3,0.25,1.5,0.25,0.1,0.05
57,6.1237681592274384e-12,1.0009090909141891,1.0009090909080653,1.11,0.054545454542905464,0.054545454540337504,0.054545454545967376,0.035000000003242916,0.035000000001711974,0.0350000000004627,0.035,2.0,0.3,0.25,1.5,0.25,0.1,0.05
58,4.292122213200855e-12,1.0009090909126637,1.0009090909083715,1.11,0.05454545454366827,0.054545454541868446,0.054545454545814276,0.035000000002272914,0.035000000001199884,0.0350000000003243,0.035,2.0,0.3,0.25,1.5,0.25,0.1,0.05
59,3.008260307524324e-12,1.0009090909115943,1.000909090908586,1.11,0.05454545454420295,0.05454545454294148,0.05454545454570703,0.03500000000159305,0.03500000000084098,0.0350000000002273,0.035,2.0,0.3,0.25,1.5,0.25,0.1,0.05
60,2.1083135237631723e-12,1.0009090909108447,1.0009090909087364,1.11,0.05454545454457769,0.05454545454369354,0.054545454545631866,0.03500000000111651,0.035000000000589435,0.03500000000015931,0.035,2.0,0.3,0.25,1.5,0.25,0.1,0.05
61,1.4777068457760834e-12,1.0009090909103195,1.0009090909088418,1.11,0.05454545454484028,0.05454545454422062,0.05454545454557913,0.03500000000078254,0.03500000000041311,0.03500000000011166,0.035,2.0,0.3,0.25,1.5,0.25,0.1,0.05
62,1.035838081975271e-12,1.0009090909099514,1.0009090909089156,1.11,0.05454545454502435,0.05454545454459005,0.05454545454554227,0.0350000000005485,0.03500000000028954,0.03500000000007826,0.035,2.0,0.3,0.25,1.5,0.25,0.1,0.05
63,7.258638134999273e-13,1.0009090909096932,1.0009090909089673,1.11,0.054545454545153416,0.054545454544849006,0.0545454545455164,0.03500000000038441,0.035000000000202945,0.035000000000054855,0.035,2.0,0.3,0.25,1.5,0.25,0.1,0.05
64,5.089262344881718e-13,1.0009090909095124,1.0009090909090035,1.11,0.05454545454524382,0.05454545454503047,0.054545454545498306,0.03500000000026947,0.03500000000014224,0.035000000000038445,0.035,2.0,0.3,0.25,1.5,0.25,0.1,0.05
65,3.566036355096003e-13,1.0009090909093856,1.000909090909029,1.11,0.054545454545307265,0.054545454545157704,0.05454545454548554,0.03500000000018886,0.03500000000009971,0.035000000000026954,0.035,2.0,0.3,0.25,1.5,0.25,0.1,0.05
66,2.5002222514558525e-13,1.0009090909092968,1.0009090909090468,1.11,0.05454545454535167,0.054545454545246855,0.05454545454547666,0.035000000000132384,0.03500000000006988,0.03500000000001889,0.035,2.0,0.3,0.25,1.5,0.25,0.1,0.05
67,1.751931932858497e-13,1.0009090909092344,1.0009090909090592,1.11,0.05454545454538283,0.05454545454530936,0.05454545454547044,0.03500000000009278,0.035000000000048985,0.03500000000001324,0.035,2.0,0.3,0.25,1.5,0.25,0.1,0.05
68,1.2301271112846734e-13,1.000909090909191,1.0009090909090679,1.11,0.05454545454540466,0.05454545454535316,0.05454545454546611,0.03500000000006509,0.03500000000003434,0.03500000000000929,0.035,2.0,0.3,0.25,1.5,0.25,0.1,0.05
69,8.593126210598712e-14,1.00090909090916,1.000909090909074,1.11,0.054545454545420036,0.05454545454538391,0.054545454545463,0.03500000000004557,0.03500000000002409,0.03500000000000652,0.035,2.0,0.3,0.25,1.5,0.25,0.1,0.05
70,6.039613253960852e-14,1.0009090909091387,1.0009090909090783,1.11,0.05454545454543069,0.054545454545405395,0.05454545454546089,0.035000000000031964,0.035000000000016865,0.03500000000000456,0.035,2.0,0.3,0.25,1.5,0.25,0.1,0.05
71,4.241051954068098e-14,1.0009090909091236,1.0009090909090812,1.11,0.05454545454543823,0.054545454545420494,0.05454545454545945,0.03500000000002243,0.03500000000001183,0.0350000000000032,0.035,2.0,0.3,0.25,1.5,0.25,0.1,0.05
72,2.9531932455029164e-14,1.000909090909113,1.0009090909090834,1.11,0.054545454545443545,0.054545454545431096,0.05454545454545834,0.035000000000015685,0.0350000000000083,0.03500000000000225,0.035,2.0,0.3,0.25,1.5,0.25,0.1,0.05
73,2.0650148258027912e-14,1.0009090909091056,1.000909090909085,1.11,0.054545454545447195,0.05454545454543848,0.05454545454545756,0.035000000000010974,0.03500000000000581,0.03500000000000158,0.035,2.0,0.3,0.25,1.5,0.25,0.1,0.05
74,1.4432899320127035e-14,1.0009090909091005,1.000909090909086,1.11,0.05454545454544974,0.05454545454544364,0.054545454545457006,0.03500000000000768,0.03500000000000407,0.03500000000000111,0.035,2.0,0.3,0.25,1.5,0.25,0.1,0.05
75,1.0436096431476471e-14,1.0009090909090972,1.0009090909090868,1.11,0.05454545454545151,0.05454545454544725,0.05454545454545667,0.03500000000000545,0.03500000000000284,0.035000000000000774,0.035,2.0,0.3,0.25,1.5,0.25,0.1,0.05
76,7.105427357601002e-15,1.0009090909090943,1.0009090909090872,1.11,0.054545454545452884,0.05454545454544986,0.05454545454545645,0.0350000000000038,0.03500000000000202,0.03500000000000055,0.035,2.0,0.3,0.25,1.5,0.25,0.1,0.05
77,5.10702591327572e-15,1.0009090909090925,1.0009090909090874,1.11,0.05454545454545374,0.054545454545451635,0.05454545454545634,0.03500000000000268,0.035000000000001405,0.035000000000000385,0.035,2.0,0.3,0.25,1.5,0.25,0.1,0.05
78,3.774758283725532e-15,1.0009090909090914,1.0009090909090876,1.11,0.0545454545454544,0.05454545454545291,0.05454545454545623,0.03500000000000194,0.035000000000000996,0.035000000000000274,0.035,2.0,0.3,0.25,1.5,0.25,0.1,0.05
79,2.4424906541753444e-15,1.0009090909090903,1.0009090909090879,1.11,0.054545454545454924,0.054545454545453856,0.05454545454545612,0.03500000000000133,0.03500000000000072,0.0350000000000002,0.035,2.0,0.3,0.25,1.5,0.25,0.1,0.05
80,1.5543122344752192e-15,1.0009090909090896,1.000909090909088,1.11,0.0545454545454552,0.054545454545454466,0.05454545454545601,0.035000000000000885,0.035000000000000496,0.03500000000000014,0.035,2.0,0.3,0.25,1.5,0.25,0.1,0.05
81,1.3322676295501878e-15,1.0009090909090894,1.000909090909088,1.11,0.05454545454545534,0.054545454545454855,0.05454545454545601,0.03500000000000066,0.03500000000000033,0.035000000000000094,0.035,2.0,0.3,0.25,1.5,0.25,0.1,0.05
82,8.881784197001252e-16,1.000909090909089,1.000909090909088,1.11,0.05454545454545555,0.05454545454545519,0.05454545454545601,0.03500000000000047,0.035000000000000246,0.03500000000000007,0.035,2.0,0.3,0.25,1.5,0.25,0.1,0.05
83,6.661338147750939e-16,1.0009090909090888,1.000909090909088,1.11,0.054545454545455674,0.05454545454545541,0.05454545454545601,0.03500000000000034,0.03500000000000018,0.03500000000000005,0.035,2.0,0.3,0.25,1.5,0.25,0.1,0.05
84,4.440892098500626e-16,1.0009090909090885,1.000909090909088,1.11,0.054545454545455764,0.05454545454545558,0.05454545454545601,0.03500000000000024,0.03500000000000013,0.035000000000000045,0.035,2.0,0.3,0.25,1.5,0.25,0.1,0.05
85,4.440892098500626e-16,1.0009090909090885,1.000909090909088,1.11,0.054545454545455827,0.05454545454545569,0.05454545454545601,0.035000000000000205,0.035000000000000094,0.03500000000000003,0.035,2.0,0.3,0.25,1.5,0.25,0.1,0.05
86,2.220446049250313e-16,1.0009090909090883,1.000909090909088,1.11,0.054545454545455924,0.0545454545454558,0.05454545454545601,0.03500000000000014,0.03500000000000009,0.03500000000000003,0.035,2.0,0.3,0.25,1.5,0.25,0.1,0.05
87,2.220446049250313e-16,1.0009090909090883,1.000909090909088,1.11,0.05454545454545594,0.054545454545455854,0.05454545454545601,0.035000000000000114,0.03500000000000006,0.035000000000000024,0.035,2.0,0.3,0.25,1.5,0.25,0.1,0.05
88,0.0,1.000909090909088,1.000909090909088,1.11,0.05454545454545597,0.05454545454545591,0.05454545454545601,0.035000000000000045,0.035000000000000045,0.03500000000000002,0.035,2.0,0.3,0.25,1.5,0.25,0.1,0.05
89,2.220446049250313e-16,1.0009090909090883,1.000909090909088,1.11,0.05454545454545593,0.05454545454545591,0.05454545454545601,0.03500000000000007,0.03500000000000002,0.03500000000000001,0.035,2.0,0.3,0.25,1.5,0.25,0.1,0.05
90,0.0,1.000909090909088,1.000909090909088,1.11,0.05454545454545601,0.054545454545455965,0.05454545454545601,0.03500000000000003,0.03500000000000003,0.03500000000000002,0.035,2.0,0.3,0.25,1.5,0.25,0.1,0.05
91,0.0,1.000909090909088,1.000909090909088,1.11,0.054545454545455986,0.054545454545455965,0.05454545454545601,0.03500000000000002,0.03500000000000002,0.03500000000000001,0.035,2.0,0.3,0.25,1.5,0.25,0.1,0.05
92,0.0,1.000909090909088,1.000909090909088,1.11,0.05454545454545598,0.054545454545455965,0.05454545454545601,0.03500000000000001,0.03500000000000001,0.03500000000000001,0.035,2.0,0.3,0.25,1.5,0.25,0.1,0.05
93,0.0,1.000909090909088,1.000909090909088,1.11,0.054545454545455965,0.054545454545455965,0.05454545454545601,0.035,0.035,0.03500000000000001,0.035,2.0,0.3,0.25,1.5,0.25,0.1,0.05
94,0.0,1.000909090909088,1.000909090909088,1.11,0.054545454545455965,0.054545454545455965,0.05454545454545601,0.035,0.035,0.03500000000000001,0.035,2.0,0.3,0.25,1.5,0.25,0.1,0.05
95,0.0,1.000909090909088,1.000909090909088,1.11,0.054545454545455965,0.054545454545455965,0.05454545454545601,0.035,0.035,0.03500000000000001,0.035,2.0,0.3,0.25,1.5,0.25,0.1,0.05
96,0.0,1.000909090909088,1.000909090909088,1.11,0.054545454545455965,0.054545454545455965,0.05454545454545601,0.035,0.035,0.03500000000000001,0.035,2.0,0.3,0.25,1.5,0.25,0.1,0.05
97,0.0,1.000909090909088,1.000909090909088,1.11,0.054545454545455965,0.054545454545455965,0.05454545454545601,0.035,0.035,0.03500000000000001,0.035,2.0,0.3,0.25,1.5,0.25,0.1,0.05
98,0.0,1.000909090909088,1.000909090909088,1.11,0.054545454545455965,0.054545454545455965,0.05454545454545601,0.035,0.035,0.03500000000000001,0.035,2.0,0.3,0.25,1.5,0.25,0.1,0.05
99,0.0,1.000909090909088,1.000909090909088,1.11,0.054545454545455965,0.054545454545455965,0.05454545454545601,0.035,0.035,0.03500000000000001,0.035,2.0,0.3,0.25,1.5,0.25,0.1,0.05
100,0.0,1.000909090909088,1.000909090909088,1.11,0.054545454545455965,0.054545454545455965,0.05454545454545601,0.035,0.035,0.03500000000000001,0.035,2.0,0.3,0.25,1.5,0.25,0.1,0.05
101,0.0,1.000909090909088,1.000909090909088,1.11,0.054545454545455965,0.054545454545455965,0.05454545454545601,0.035,0.035,0.03500000000000001,0.035,2.0,0.3,0.25,1.5,0.25,0.1,0.05
102,0.0,1.000909090909088,1.000909090909088,1.11,0.054545454545455965,0.054545454545455965,0.05454545454545601,0.035,0.035,0.03500000000000001,0.035,2.0,0.3,0.25,1.5,0.25,0.1,0.05
103,0.0,1.000909090909088,1.000909090909088,1.11,0.054545454545455965,0.054545454545455965,0.05454545454545601,0.035,0.035,0.03500000000000001,0.035,2.0,0.3,0.25,1.5,0.25,0.1,0.05
104,0.0,1.000909090909088,1.000909090909088,1.11,0.054545454545455965,0.054545454545455965,0.05454545454545601,0.035,0.035,0.03500000000000001,0.035,2.0,0.3,0.25,1.5,0.25,0.1,0.05
105,0.0,1.000909090909088,1.000909090909088,1.11,0.054545454545455965,0.054545454545455965,0.05454545454545601,0.035,0.035,0.03500000000000001,0.035,2.0,0.3,0.25,1.5,0.25,0.1,0.05
106,0.0,1.000909090909088,1.000909090909088,1.11,0.054545454545455965,0.054545454545455965,0.05454545454545601,0.035,0.035,0.03500000000000001,0.035,2.0,0.3,0.25,1.5,0.25,0.1,0.05
107,0.0,1.000909090909088,1.000909090909088,1.11,0.054545454545455965,0.054545454545455965,0.05454545454545601,0.035,0.035,0.03500000000000001,0.035,2.0,0.3,0.25,1.5,0.25,0.1,0.05
108,0.0,1.000909090909088,1.000909090909088,1.11,0.054545454545455965,0.054545454545455965,0.05454545454545601,0.035,0.035,0.03500000000000001,0.035,2.0,0.3,0.25,1.5,0.25,0.1,0.05
109,0.0,1.000909090909088,1.000909090909088,1.11,0.054545454545455965,0.054545454545455965,0.05454545454545601,0.035,0.035,0.03500000000000001,0.035,2.0,0.3,0.25,1.5,0.25,0.1,0.05
110,0.0,1.000909090909088,1.000909090909088,1.11,0.054545454545455965,0.054545454545455965,0.05454545454545601,0.035,0.035,0.03500000000000001,0.035,2.0,0.3,0.25,1.5,0.25,0.1,0.05
111,0.0,1.000909090909088,1.000909090909088,1.11,0.054545454545455965,0.054545454545455965,0.05454545454545601,0.035,0.035,0.03500000000000001,0.035,2.0,0.3,0.25,1.5,0.25,0.1,0.05
112,0.0,1.000909090909088,1.000909090909088,1.11,0.054545454545455965,0.054545454545455965,0.05454545454545601,0.035,0.035,0.03500000000000001,0.035,2.0,0.3,0.25,1.5,0.25,0.1,0.05
113,0.0,1.000909090909088,1.000909090909088,1.11,0.054545454545455965,0.054545454545455965,0.05454545454545601,0.035,0.035,0.03500000000000001,0.035,2.0,0.3,0.25,1.5,0.25,0.1,0.05
114,0.0,1.000909090909088,1.000909090909088,1.11,0.054545454545455965,0.054545454545455965,0.05454545454545601,0.035,0.035,0.03500000000000001,0.035,2.0,0.3,0.25,1.5,0.25,0.1,0.05
115,0.0,1.000909090909088,1.000909090909088,1.11,0.054545454545455965,0.054545454545455965,0.05454545454545601,0.035,0.035,0.03500000000000001,0.035,2.0,0.3,0.25,1.5,0.25,0.1,0.05
116,0.0,1.000909090909088,1.000909090909088,1.11,0.054545454545455965,0.054545454545455965,0.05454545454545601,0.035,0.035,0.03500000000000001,0.035,2.0,0.3,0.25,1.5,0.25,0.1,0.05
117,0.0,1.000909090909088,1.000909090909088,1.11,0.054545454545455965,0.054545454545455965,0.05454545454545601,0.035,0.035,0.03500000000000001,0.035,2.0,0.3,0.25,1.5,0.25,0.1,0.05
118,0.0,1.000909090909088,1.000909090909088,1.11,0.054545454545455965,0.054545454545455965,0.05454545454545601,0.035,0.035,0.03500000000000001,0.035,2.0,0.3,0.25,1.5,0.25,0.1,0.05
119,0.0,1.000909090909088,1.000909090909088,1.11,0.054545454545455965,0.054545454545455965,0.05454545454545601,0.035,0.035,0.03500000000000001,0.035,2.0,0.3,0.25,1.5,0.25,0.1,0.05
120,0.0,1.000909090909088,1.000909090909088,1.11,0.054545454545455965,0.054545454545455965,0.05454545454545601,0.035,0.035,0.03500000000000001,0.035,2.0,0.3,0.25,1.5,0.25,0.1,0.05
121,0.0,1.000909090909088,1.000909090909088,1.11,0.054545454545455965,0.054545454545455965,0.05454545454545601,0.035,0.035,0.03500000000000001,0.035,2.0,0.3,0.25,1.5,0.25,0.1,0.05
122,0.0,1.000909090909088,1.000909090909088,1.11,0.054545454545455965,0.054545454545455965,0.05454545454545601,0.035,0.035,0.03500000000000001,0.035,2.0,0.3,0.25,1.5,0.25,0.1,0.05
123,0.0,1.000909090909088,1.000909090909088,1.11,0.054545454545455965,0.054545454545455965,0.05454545454545601,0.035,0.035,0.03500000000000001,0.035,2.0,0.3,0.25,1.5,0.25,0.1,0.05
124,0.0,1.000909090909088,1.000909090909088,1.11,0.054545454545455965,0.054545454545455965,0.05454545454545601,0.035,0.035,0.03500000000000001,0.035,2.0,0.3,0.25,1.5,0.25,0.1,0.05
125,0.0,1.000909090909088,1.000909090909088,1.11,0.054545454545455965,0.054545454545455965,0.05454545454545601,0.035,0.035,0.03500000000000001,0.035,2.0,0.3,0.25,1.5,0.25,0.1,0.05
126,0.0,1.000909090909088,1.000909090909088,1.11,0.054545454545455965,0.054545454545455965,0.05454545454545601,0.035,0.035,0.03500000000000001,0.035,2.0,0.3,0.25,1.5,0.25,0.1,0.05
127,0.0,1.000909090909088,1.000909090909088,1.11,0.054545454545455965,0.054545454545455965,0.05454545454545601,0.035,0.035,0.03500000000000001,0.035,2.0,0.3,0.25,1.5,0.25,0.1,0.05
128,0.0,1.000909090909088,1.000909090909088,1.11,0.054545454545455965,0.054545454545455965,0.05454545454545601,0.035,0.035,0.03500000000000001,0.035,2.0,0.3,0.25,1.5,0.25,0.1,0.05
129,0.0,1.000909090909088,1.000909090909088,1.11,0.054545454545455965,0.054545454545455965,0.05454545454545601,0.035,0.035,0.03500000000000001,0.035,2.0,0.3,0.25,1.5,0.25,0.1,0.05
130,0.0,1.000909090909088,1.000909090909088,1.11,0.054545454545455965,0.054545454545455965,0.05454545454545601,0.035,0.035,0.03500000000000001,0.035,2.0,0.3,0.25,1.5,0.25,0.1,0.05
131,0.0,1.000909090909088,1.000909090909088,1.11,0.054545454545455965,0.054545454545455965,0.05454545454545601,0.035,0.035,0.03500000000000001,0.035,2.0,0.3,0.25,1.5,0.25,0.1,0.05
132,0.0,1.000909090909088,1.000909090909088,1.11,0.054545454545455965,0.054545454545455965,0.05454545454545601,0.035,0.035,0.03500000000000001,0.035,2.0,0.3,0.25,1.5,0.25,0.1,0.05
133,0.0,1.000909090909088,1.000909090909088,1.11,0.054545454545455965,0.054545454545455965,0.05454545454545601,0.035,0.035,0.03500000000000001,0.035,2.0,0.3,0.25,1.5,0.25,0.1,0.05
134,0.0,1.000909090909088,1.000909090909088,1.11,0.054545454545455965,0.054545454545455965,0.05454545454545601,0.035,0.035,0.03500000000000001,0.035,2.0,0.3,0.25,1.5,0.25,0.1,0.05
135,0.0,1.000909090909088,1.000909090909088,1.11,0.054545454545455965,0.054545454545455965,0.05454545454545601,0.035,0.035,0.03500000000000001,0.035,2.0,0.3,0.25,1.5,0.25,0.1,0.05
136,0.0,1.000909090909088,1.000909090909088,1.11,0.054545454545455965,0.054545454545455965,0.05454545454545601,0.035,0.035,0.03500000000000001,0.035,2.0,0.3,0.25,1.5,0.25,0.1,0.05
137,0.0,1.000909090909088,1.000909090909088,1.11,0.054545454545455965,0.054545454545455965,0.05454545454545601,0.035,0.035,0.03500000000000001,0.035,2.0,0.3,0.25,1.5,0.25,0.1,0.05
138,0.0,1.000909090909088,1.000909090909088,1.11,0.054545454545455965,0.054545454545455965,0.05454545454545601,0.035,0.035,0.03500000000000001,0.035,2.0,0.3,0.25,1.5,0.25,0.1,0.05
139,0.0,1.000909090909088,1.000909090909088,1.11,0.054545454545455965,0.054545454545455965,0.05454545454545601,0.035,0.035,0.03500000000000001,0.035,2.0,0.3,0.25,1.5,0.25,0.1,0.05
140,0.0,1.000909090909088,1.000909090909088,1.11,0.054545454545455965,0.054545454545455965,0.05454545454545601,0.035,0.035,0.03500000000000001,0.035,2.0,0.3,0.25,1.5,0.25,0.1,0.05
141,0.0,1.000909090909088,1.000909090909088,1.11,0.054545454545455965,0.054545454545455965,0.05454545454545601,0.035,0.035,0.03500000000000001,0.035,2.0,0.3,0.25,1.5,0.25,0.1,0.05
142,0.0,1.000909090909088,1.000909090909088,1.11,0.054545454545455965,0.054545454545455965,0.05454545454545601,0.035,0.035,0.03500000000000001,0.035,2.0,0.3,0.25,1.5,0.25,0.1,0.05
143,0.0,1.000909090909088,1.000909090909088,1.11,0.054545454545455965,0.054545454545455965,0.05454545454545601,0.035,0.035,0.03500000000000001,0.035,2.0,0.3,0.25,1.5,0.25,0.1,0.05
144,0.0,1.000909090909088,1.000909090909088,1.11,0.054545454545455965,0.054545454545455965,0.05454545454545601,0.035,0.035,0.03500000000000001,0.035,2.0,0.3,0.25,1.5,0.25,0.1,0.05
145,0.0,1.000909090909088,1.000909090909088,1.11,0.054545454545455965,0.054545454545455965,0.05454545454545601,0.035,0.035,0.03500000000000001,0.035,2.0,0.3,0.25,1.5,0.25,0.1,0.05
146,0.0,1.000909090909088,1.000909090909088,1.11,0.054545454545455965,0.054545454545455965,0.05454545454545601,0.035,0.035,0.03500000000000001,0.035,2.0,0.3,0.25,1.5,0.25,0.1,0.05
147,0.0,1.000909090909088,1.000909090909088,1.11,0.054545454545455965,0.054545454545455965,0.05454545454545601,0.035,0.035,0.03500000000000001,0.035,2.0,0.3,0.25,1.5,0.25,0.1,0.05
148,0.0,1.000909090909088,1.000909090909088,1.11,0.054545454545455965,0.054545454545455965,0.05454545454545601,0.035,0.035,0.03500000000000001,0.035,2.0,0.3,0.25,1.5,0.25,0.1,0.05
149,0.0,1.000909090909088,1.000909090909088,1.11,0.054545454545455965,0.054545454545455965,0.05454545454545601,0.035,0.035,0.03500000000000001,0.035,2.0,0.3,0.25,1.5,0.25,0.1,0.05
150,0.0,1.000909090909088,1.000909090909088,1.11,0.054545454545455965,0.054545454545455965,0.05454545454545601,0.035,0.035,0.03500000000000001,0.035,2.0,0.3,0.25,1.5,0.25,0.1,0.05
151,0.0,1.000909090909088,1.000909090909088,1.11,0.054545454545455965,0.054545454545455965,0.05454545454545601,0.035,0.035,0.03500000000000001,0.035,2.0,0.3,0.25,1.5,0.25,0.1,0.05
152,0.0,1.000909090909088,1.000909090909088,1.11,0.054545454545455965,0.054545454545455965,0.05454545454545601,0.035,0.035,0.03500000000000001,0.035,2.0,0.3,0.25,1.5,0.25,0.1,0.05
153,0.0,1.000909090909088,1.000909090909088,1.11,0.054545454545455965,0.054545454545455965,0.05454545454545601,0.035,0.035,0.03500000000000001,0.035,2.0,0.3,0.25,1.5,0.25,0.1,0.05
154,0.0,1.000909090909088,1.000909090909088,1.11,0.054545454545455965,0.054545454545455965,0.05454545454545601,0.035,0.035,0.03500000000000001,0.035,2.0,0.3,0.25,1.5,0.25,0.1,0.05
155,0.0,1.000909090909088,1.000909090909088,1.11,0.054545454545455965,0.054545454545455965,0.05454545454545601,0.035,0.035,0.03500000000000001,0.035,2.0,0.3,0.25,1.5,0.25,0.1,0.05
156,0.0,1.000909090909088,1.000909090909088,1.11,0.054545454545455965,0.054545454545455965,0.05454545454545601,0.035,0.035,0.03500000000000001,0.035,2.0,0.3,0.25,1.5,0.25,0.1,0.05
157,0.0,1.000909090909088,1.000909090909088,1.11,0.054545454545455965,0.054545454545455965,0.05454545454545601,0.035,0.035,0.03500000000000001,0.035,2.0,0.3,0.25,1.5,0.25,0.1,0.05
158,0.0,1.000909090909088,1.000909090909088,1.11,0.054545454545455965,0.054545454545455965,0.05454545454545601,0.035,0.035,0.03500000000000001,0.035,2.0,0.3,0.25,1.5,0.25,0.1,0.05
159,0.0,1.000909090909088,1.000909090909088,1.11,0.054545454545455965,0.054545454545455965,0.05454545454545601,0.035,0.035,0.03500000000000001,0.035,2.0,0.3,0.25,1.5,0.25,0.1,0.05
160,0.0,1.000909090909088,1.000909090909088,1.11,0.054545454545455965,0.054545454545455965,0.05454545454545601,0.035,0.035,0.03500000000000001,0.035,2.0,0.3,0.25,1.5,0.25,0.1,0.05
161,0.0,1.000909090909088,1.000909090909088,1.11,0.054545454545455965,0.054545454545455965,0.05454545454545601,0.035,0.035,0.03500000000000001,0.035,2.0,0.3,0.25,1.5,0.25,0.1,0.05
162,0.0,1.000909090909088,1.000909090909088,1.11,0.054545454545455965,0.054545454545455965,0.05454545454545601,0.035,0.035,0.03500000000000001,0.035,2.0,0.3,0.25,1.5,0.25,0.1,0.05
163,0.0,1.000909090909088,1.000909090909088,1.11,0.054545454545455965,0.054545454545455965,0.05454545454545601,0.035,0.035,0.03500000000000001,0.035,2.0,0.3,0.25,1.5,0.25,0.1,0.05
164,0.0,1.000909090909088,1.000909090909088,1.11,0.054545454545455965,0.054545454545455965,0.05454545454545601,0.035,0.035,0.03500000000000001,0.035,2.0,0.3,0.25,1.5,0.25,0.1,0.05
165,0.0,1.000909090909088,1.000909090909088,1.11,0.054545454545455965,0.054545454545455965,0.05454545454545601,0.035,0.035,0.03500000000000001,0.035,2.0,0.3,0.25,1.5,0.25,0.1,0.05
166,0.0,1.000909090909088,1.000909090909088,1.11,0.054545454545455965,0.054545454545455965,0.05454545454545601,0.035,0.035,0.03500000000000001,0.035,2.0,0.3,0.25,1.5,0.25,0.1,0.05
167,0.0,1.000909090909088,1.000909090909088,1.11,0.054545454545455965,0.054545454545455965,0.05454545454545601,0.035,0.035,0.03500000000000001,0.035,2.0,0.3,0.25,1.5,0.25,0.1,0.05
168,0.0,1.000909090909088,1.000909090909088,1.11,0.054545454545455965,0.054545454545455965,0.05454545454545601,0.035,0.035,0.03500000000000001,0.035,2.0,0.3,0.25,1.5,0.25,0.1,0.05
169,0.0,1.000909090909088,1.000909090909088,1.11,0.054545454545455965,0.054545454545455965,0.05454545454545601,0.035,0.035,0.03500000000000001,0.035,2.0,0.3,0.25,1.5,0.25,0.1,0.05
170,0.0,1.000909090909088,1.000909090909088,1.11,0.054545454545455965,0.054545454545455965,0.05454545454545601,0.035,0.035,0.03500000000000001,0.035,2.0,0.3,0.25,1.5,0.25,0.1,0.05
171,0.0,1.000909090909088,1.000909090909088,1.11,0.054545454545455965,0.054545454545455965,0.05454545454545601,0.035,0.035,0.03500000000000001,0.035,2.0,0.3,0.25,1.5,0.25,0.1,0.05
172,0.0,1.000909090909088,1.000909090909088,1.11,0.054545454545455965,0.054545454545455965,0.05454545454545601,0.035,0.035,0.03500000000000001,0.035,2.0,0.3,0.25,1.5,0.25,0.1,0.05
173,0.0,1.000909090909088,1.000909090909088,1.11,0.054545454545455965,0.054545454545455965,0.05454545454545601,0.035,0.035,0.03500000000000001,0.035,2.0,0.3,0.25,1.5,0.25,0.1,0.05
174,0.0,1.000909090909088,1.000909090909088,1.11,0.054545454545455965,0.054545454545455965,0.05454545454545601,0.035,0.035,0.03500000000000001,0.035,2.0,0.3,0.25,1.5,0.25,0.1,0.05
175,0.0,1.000909090909088,1.000909090909088,1.11,0.054545454545455965,0.054545454545455965,0.05454545454545601,0.035,0.035,0.03500000000000001,0.035,2.0,0.3,0.25,1.5,0.25,0.1,0.05
176,0.0,1.000909090909088,1.000909090909088,1.11,0.054545454545455965,0.054545454545455965,0.05454545454545601,0.035,0.035,0.03500000000000001,0.035,2.0,0.3,0.25,1.5,0.25,0.1,0.05
177,0.0,1.000909090909088,1.000909090909088,1.11,0.054545454545455965,0.054545454545455965,0.05454545454545601,0.035,0.035,0.03500000000000001,0.035,2.0,0.3,0.25,1.5,0.25,0.1,0.05
178,0.0,1.000909090909088,1.000909090909088,1.11,0.054545454545455965,0.054545454545455965,0.05454545454545601,0.035,0.035,0.03500000000000001,0.035,2.0,0.3,0.25,1.5,0.25,0.1,0.05
179,0.0,1.000909090909088,1.000909090909088,1.11,0.054545454545455965,0.054545454545455965,0.05454545454545601,0.035,0.035,0.03500000000000001,0.035,2.0,0.3,0.25,1.5,0.25,0.1,0.05
180,0.0,1.000909090909088,1.000909090909088,1.11,0.054545454545455965,0.054545454545455965,0.05454545454545601,0.035,0.035,0.03500000000000001,0.035,2.0,0.3,0.25,1.5,0.25,0.1,0.05
181,0.0,1.000909090909088,1.000909090909088,1.11,0.054545454545455965,0.054545454545455965,0.05454545454545601,0.035,0.035,0.03500000000000001,0.035,2.0,0.3,0.25,1.5,0.25,0.1,0.05
182,0.0,1.000909090909088,1.000909090909088,1.11,0.054545454545455965,0.054545454545455965,0.05454545454545601,0.035,0.035,0.03500000000000001,0.035,2.0,0.3,0.25,1.5,0.25,0.1,0.05
183,0.0,1.000909090909088,1.000909090909088,1.11,0.054545454545455965,0.054545454545455965,0.05454545454545601,0.035,0.035,0.03500000000000001,0.035,2.0,0.3,0.25,1.5,0.25,0.1,0.05
184,0.0,1.000909090909088,1.000909090909088,1.11,0.054545454545455965,0.054545454545455965,0.05454545454545601,0.035,0.035,0.03500000000000001,0.035,2.0,0.3,0.25,1.5,0.25,0.1,0.05
185,0.0,1.000909090909088,1.000909090909088,1.11,0.054545454545455965,0.054545454545455965,0.05454545454545601,0.035,0.035,0.03500000000000001,0.035,2.0,0.3,0.25,1.5,0.25,0.1,0.05
186,0.0,1.000909090909088,1.000909090909088,1.11,0.054545454545455965,0.054545454545455965,0.05454545454545601,0.035,0.035,0.03500000000000001,0.035,2.0,0.3,0.25,1.5,0.25,0.1,0.05
187,0.0,1.000909090909088,1.000909090909088,1.11,0.054545454545455965,0.054545454545455965,0.05454545454545601,0.035,0.035,0.03500000000000001,0.035,2.0,0.3,0.25,1.5,0.25,0.1,0.05
188,0.0,1.000909090909088,1.000909090909088,1.11,0.054545454545455965,0.054545454545455965,0.05454545454545601,0.035,0.035,0.03500000000000001,0.035,2.0,0.3,0.25,1.5,0.25,0.1,0.05
189,0.0,1.000909090909088,1.000909090909088,1.11,0.054545454545455965,0.054545454545455965,0.05454545454545601,0.035,0.035,0.03500000000000001,0.035,2.0,0.3,0.25,1.5,0.25,0.1,0.05
190,0.0,1.000909090909088,1.000909090909088,1.11,0.054545454545455965,0.054545454545455965,0.05454545454545601,0.035,0.035,0.03500000000000001,0.035,2.0,0.3,0.25,1.5,0.25,0.1,0.05
191,0.0,1.000909090909088,1.000909090909088,1.11,0.054545454545455965,0.054545454545455965,0.05454545454545601,0.035,0.035,0.03500000000000001,0.035,2.0,0.3,0.25,1.5,0.25,0.1,0.05
192,0.0,1.000909090909088,1.000909090909088,1.11,0.054545454545455965,0.054545454545455965,0.05454545454545601,0.035,0.035,0.03500000000000001,0.035,2.0,0.3,0.25,1.5,0.25,0.1,0.05
193,0.0,1.000909090909088,1.000909090909088,1.11,0.054545454545455965,0.054545454545455965,0.05454545454545601,0.035,0.035,0.03500000000000001,0.035,2.0,0.3,0.25,1.5,0.25,0.1,0.05
194,0.0,1.000909090909088,1.000909090909088,1.11,0.054545454545455965,0.054545454545455965,0.05454545454545601,0.035,0.035,0.03500000000000001,0.035,2.0,0.3,0.25,1.5,0.25,0.1,0.05
195,0.0,1.000909090909088,1.000909090909088,1.11,0.054545454545455965,0.054545454545455965,0.05454545454545601,0.035,0.035,0.03500000000000001,0.035,2.0,0.3,0.25,1.5,0.25,0.1,0.05
196,0.0,1.000909090909088,1.000909090909088,1.11,0.054545454545455965,0.054545454545455965,0.05454545454545601,0.035,0.035,0.03500000000000001,0.035,2.0,0.3,0.25,1.5,0.25,0.1,0.05
197,0.0,1.000909090909088,1.000909090909088,1.11,0.054545454545455965,0.054545454545455965,0.05454545454545601,0.035,0.035,0.03500000000000001,0.035,2.0,0.3,0.25,1.5,0.25,0.1,0.05
198,0.0,1.000909090909088,1.000909090909088,1.11,0.054545454545455965,0.054545454545455965,0.05454545454545601,0.035,0.035,0.03500000000000001,0.035,2.0,0.3,0.25,1.5,0.25,0.1,0.05
199,0.0,1.000909090909088,1.000909090909088,1.11,0.054545454545455965,0.054545454545455965,0.05454545454545601,0.035,0.035,0.03500000000000001,0.035,2.0,0.3,0.25,1.5,0.25,0.1,0.05
200,0.0,1.000909090909088,1.000909090909088,1.11,0.054545454545455965,0.054545454545455965,0.05454545454545601,0.035,0.035,0.03500000000000001,0.035,2.0,0.3,0.25,1.5,0.25,0.1,0.05
201,0.0,1.000909090909088,1.000909090909088,1.11,0.054545454545455965,0.054545454545455965,0.05454545454545601,0.035,0.035,0.03500000000000001,0.035,2.0,0.3,0.25,1.5,0.25,0.1,0.05
202,0.0,1.000909090909088,1.000909090909088,1.11,0.054545454545455965,0.054545454545455965,0.05454545454545601,0.035,0.035,0.03500000000000001,0.035,2.0,0.3,0.25,1.5,0.25,0.1,0.05
203,0.0,1.000909090909088,1.000909090909088,1.11,0.054545454545455965,0.054545454545455965,0.05454545454545601,0.035,0.035,0.03500000000000001,0.035,2.0,0.3,0.25,1.5,0.25,0.1,0.05
204,0.0,1.000909090909088,1.000909090909088,1.11,0.054545454545455965,0.054545454545455965,0.05454545454545601,0.035,0.035,0.03500000000000001,0.035,2.0,0.3,0.25,1.5,0.25,0.1,0.05
205,0.0,1.000909090909088,1.000909090909088,1.11,0.054545454545455965,0.054545454545455965,0.05454545454545601,0.035,0.035,0.03500000000000001,0.035,2.0,0.3,0.25,1.5,0.25,0.1,0.05
206,0.0,1.000909090909088,1.000909090909088,1.11,0.054545454545455965,0.054545454545455965,0.05454545454545601,0.035,0.035,0.03500000000000001,0.035,2.0,0.3,0.25,1.5,0.25,0.1,0.05
207,0.0,1.000909090909088,1.000909090909088,1.11,0.054545454545455965,0.054545454545455965,0.05454545454545601,0.035,0.035,0.03500000000000001,0.035,2.0,0.3,0.25,1.5,0.25,0.1,0.05
208,0.0,1.000909090909088,1.000909090909088,1.11,0.054545454545455965,0.054545454545455965,0.05454545454545601,0.035,0.035,0.03500000000000001,0.035,2.0,0.3,0.25,1.5,0.25,0.1,0.05
209,0.0,1.000909090909088,1.000909090909088,1.11,0.054545454545455965,0.054545454545455965,0.05454545454545601,0.035,0.035,0.03500000000000001,0.035,2.0,0.3,0.25,1.5,0.25,0.1,0.05
210,0.0,1.000909090909088,1.000909090909088,1.11,0.054545454545455965,0.054545454545455965,0.05454545454545601,0.035,0.035,0.03500000000000001,0.035,2.0,0.3,0.25,1.5,0.25,0.1,0.05
211,0.0,1.000909090909088,1.000909090909088,1.11,0.054545454545455965,0.054545454545455965,0.05454545454545601,0.035,0.035,0.03500000000000001,0.035,2.0,0.3,0.25,1.5,0.25,0.1,0.05
212,0.0,1.000909090909088,1.000909090909088,1.11,0.054545454545455965,0.054545454545455965,0.05454545454545601,0.035,0.035,0.03500000000000001,0.035,2.0,0.3,0.25,1.5,0.25,0.1,0.05
213,0.0,1.000909090909088,1.000909090909088,1.11,0.054545454545455965,0.054545454545455965,0.05454545454545601,0.035,0.035,0.03500000000000001,0.035,2.0,0.3,0.25,1.5,0.25,0.1,0.05
214,0.0,1.000909090909088,1.000909090909088,1.11,0.054545454545455965,0.054545454545455965,0.05454545454545601,0.035,0.035,0.03500000000000001,0.035,2.0,0.3,0.25,1.5,0.25,0.1,0.05
215,0.0,1.000909090909088,1.000909090909088,1.11,0.054545454545455965,0.054545454545455965,0.05454545454545601,0.035,0.035,0.03500000000000001,0.035,2.0,0.3,0.25,1.5,0.25,0.1,0.05
216,0.0,1.000909090909088,1.000909090909088,1.11,0.054545454545455965,0.054545454545455965,0.05454545454545601,0.035,0.035,0.03500000000000001,0.035,2.0,0.3,0.25,1.5,0.25,0.1,0.05
217,0.0,1.000909090909088,1.000909090909088,1.11,0.054545454545455965,0.054545454545455965,0.05454545454545601,0.035,0.035,0.03500000000000001,0.035,2.0,0.3,0.25,1.5,0.25,0.1,0.05
218,0.0,1.000909090909088,1.000909090909088,1.11,0.054545454545455965,0.054545454545455965,0.05454545454545601,0.035,0.035,0.03500000000000001,0.035,2.0,0.3,0.25,1.5,0.25,0.1,0.05
219,0.0,1.000909090909088,1.000909090909088,1.11,0.054545454545455965,0.054545454545455965,0.05454545454545601,0.035,0.035,0.03500000000000001,0.035,2.0,0.3,0.25,1.5,0.25,0.1,0.05
220,0.0,1.000909090909088,1.000909090909088,1.11,0.054545454545455965,0.054545454545455965,0.05454545454545601,0.035,0.035,0.03500000000000001,0.035,2.0,0.3,0.25,1.5,0.25,0.1,0.05
221,0.0,1.000909090909088,1.000909090909088,1.11,0.054545454545455965,0.054545454545455965,0.05454545454545601,0.035,0.035,0.03500000000000001,0.035,2.0,0.3,0.25,1.5,0.25,0.1,0.05
222,0.0,1.000909090909088,1.000909090909088,1.11,0.054545454545455965,0.054545454545455965,0.05454545454545601,0.035,0.035,0.03500000000000001,0.035,2.0,0.3,0.25,1.5,0.25,0.1,0.05
223,0.0,1.000909090909088,1.000909090909088,1.11,0.054545454545455965,0.054545454545455965,0.05454545454545601,0.035,0.035,0.03500000000000001,0.035,2.0,0.3,0.25,1.5,0.25,0.1,0.05
224,0.0,1.000909090909088,1.000909090909088,1.11,0.054545454545455965,0.054545454545455965,0.05454545454545601,0.035,0.035,0.03500000000000001,0.035,2.0,0.3,0.25,1.5,0.25,0.1,0.05
225,0.0,1.000909090909088,1.000909090909088,1.11,0.054545454545455965,0.054545454545455965,0.05454545454545601,0.035,0.035,0.03500000000000001,0.035,2.0,0.3,0.25,1.5,0.25,0.1,0.05
226,0.0,1.000909090909088,1.000909090909088,1.11,0.054545454545455965,0.054545454545455965,0.05454545454545601,0.035,0.035,0.03500000000000001,0.035,2.0,0.3,0.25,1.5,0.25,0.1,0.05
227,0.0,1.000909090909088,1.000909090909088,1.11,0.054545454545455965,0.054545454545455965,0.05454545454545601,0.035,0.035,0.03500000000000001,0.035,2.0,0.3,0.25,1.5,0.25,0.1,0.05
228,0.0,1.000909090909088,1.000909090909088,1.11,0.054545454545455965,0.054545454545455965,0.05454545454545601,0.035,0.035,0.03500000000000001,0.035,2.0,0.3,0.25,1.5,0.25,0.1,0.05
229,0.0,1.000909090909088,1.000909090909088,1.11,0.054545454545455965,0.054545454545455965,0.05454545454545601,0.035,0.035,0.03500000000000001,0.035,2.0,0.3,0.25,1.5,0.25,0.1,0.05
230,0.0,1.000909090909088,1.000909090909088,1.11,0.054545454545455965,0.054545454545455965,0.05454545454545601,0.035,0.035,0.03500000000000001,0.035,2.0,0.3,0.25,1.5,0.25,0.1,0.05
231,0.0,1.000909090909088,1.000909090909088,1.11,0.054545454545455965,0.054545454545455965,0.05454545454545601,0.035,0.035,0.03500000000000001,0.035,2.0,0.3,0.25,1.5,0.25,0.1,0.05
232,0.0,1.000909090909088,1.000909090909088,1.11,0.054545454545455965,0.054545454545455965,0.05454545454545601,0.035,0.035,0.03500000000000001,0.035,2.0,0.3,0.25,1.5,0.25,0.1,0.05
233,0.0,1.000909090909088,1.000909090909088,1.11,0.054545454545455965,0.054545454545455965,0.05454545454545601,0.035,0.035,0.03500000000000001,0.035,2.0,0.3,0.25,1.5,0.25,0.1,0.05
234,0.0,1.000909090909088,1.000909090909088,1.11,0.054545454545455965,0.054545454545455965,0.05454545454545601,0.035,0.035,0.03500000000000001,0.035,2.0,0.3,0.25,1.5,0.25,0.1,0.05
235,0.0,1.000909090909088,1.000909090909088,1.11,0.054545454545455965,0.054545454545455965,0.05454545454545601,0.035,0.035,0.03500000000000001,0.035,2.0,0.3,0.25,1.5,0.25,0.1,0.05
236,0.0,1.000909090909088,1.000909090909088,1.11,0.054545454545455965,0.054545454545455965,0.05454545454545601,0.035,0.035,0.03500000000000001,0.035,2.0,0.3,0.25,1.5,0.25,0.1,0.05
237,0.0,1.000909090909088,1.000909090909088,1.11,0.054545454545455965,0.054545454545455965,0.05454545454545601,0.035,0.035,0.03500000000000001,0.035,2.0,0.3,0.25,1.5,0.25,0.1,0.05
238,0.0,1.000909090909088,1.000909090909088,1.11,0.054545454545455965,0.054545454545455965,0.05454545454545601,0.035,0.035,0.03500000000000001,0.035,2.0,0.3,0.25,1.5,0.25,0.1,0.05
239,0.0,1.000909090909088,1.000909090909088,1.11,0.054545454545455965,0.054545454545455965,0.05454545454545601,0.035,0.035,0.03500000000000001,0.035,2.0,0.3,0.25,1.5,0.25,0.1,0.05
240,0.0,1.000909090909088,1.000909090909088,1.11,0.054545454545455965,0.054545454545455965,0.05454545454545601,0.035,0.035,0.03500000000000001,0.035,2.0,0.3,0.25,1.5,0.25,0.1,0.05
241,0.0,1.000909090909088,1.000909090909088,1.11,0.054545454545455965,0.054545454545455965,0.05454545454545601,0.035,0.035,0.03500000000000001,0.035,2.0,0.3,0.25,1.5,0.25,0.1,0.05
242,0.0,1.000909090909088,1.000909090909088,1.11,0.054545454545455965,0.054545454545455965,0.05454545454545601,0.035,0.035,0.03500000000000001,0.035,2.0,0.3,0.25,1.5,0.25,0.1,0.05
243,0.0,1.000909090909088,1.000909090909088,1.11,0.054545454545455965,0.054545454545455965,0.05454545454545601,0.035,0.035,0.03500000000000001,0.035,2.0,0.3,0.25,1.5,0.25,0.1,0.05
244,0.0,1.000909090909088,1.000909090909088,1.11,0.054545454545455965,0.054545454545455965,0.05454545454545601,0.035,0.035,0.03500000000000001,0.035,2.0,0.3,0.25,1.5,0.25,0.1,0.05
245,0.0,1.000909090909088,1.000909090909088,1.11,0.054545454545455965,0.054545454545455965,0.05454545454545601,0.035,0.035,0.03500000000000001,0.035,2.0,0.3,0.25,1.5,0.25,0.1,0.05
246,0.0,1.000909090909088,1.000909090909088,1.11,0.054545454545455965,0.054545454545455965,0.05454545454545601,0.035,0.035,0.03500000000000001,0.035,2.0,0.3,0.25,1.5,0.25,0.1,0.05
247,0.0,1.000909090909088,1.000909090909088,1.11,0.054545454545455965,0.054545454545455965,0.05454545454545601,0.035,0.035,0.03500000000000001,0.035,2.0,0.3,0.25,1.5,0.25,0.1,0.05
248,0.0,1.000909090909088,1.000909090909088,1.11,0.054545454545455965,0.054545454545455965,0.05454545454545601,0.035,0.035,0.03500000000000001,0.035,2.0,0.3,0.25,1.5,0.25,0.1,0.05
249,0.0,1.000909090909088,1.000909090909088,1.11,0.054545454545455965,0.054545454545455965,0.05454545454545601,0.035,0.035,0.03500000000000001,0.035,2.0,0.3,0.25,1.5,0.25,0.1,0.05
250,0.0,1.000909090909088,1.000909090909088,1.11,0.054545454545455965,0.054545454545455965,0.05454545454545601,0.035,0.035,0.03500000000000001,0.035,2.0,0.3,0.25,1.5,0.25,0.1,0.05
251,0.0,1.000909090909088,1.000909090909088,1.11,0.054545454545455965,0.054545454545455965,0.05454545454545601,0.035,0.035,0.03500000000000001,0.035,2.0,0.3,0.25,1.5,0.25,0.1,0.05
252,0.0,1.000909090909088,1.000909090909088,1.11,0.054545454545455965,0.054545454545455965,0.05454545454545601,0.035,0.035,0.03500000000000001,0.035,2.0,0.3,0.25,1.5,0.25,0.1,0.05
253,0.0,1.000909090909088,1.000909090909088,1.11,0.054545454545455965,0.054545454545455965,0.05454545454545601,0.035,0.035,0.03500000000000001,0.035,2.0,0.3,0.25,1.5,0.25,0.1,0.05
254,0.0,1.000909090909088,1.000909090909088,1.11,0.054545454545455965,0.054545454545455965,0.05454545454545601,0.035,0.035,0.03500000000000001,0.035,2.0,0.3,0.25,1.5,0.25,0.1,0.05
255,0.0,1.000909090909088,1.000909090909088,1.11,0.054545454545455965,0.054545454545455965,0.05454545454545601,0.035,0.035,0.03500000000000001,0.035,2.0,0.3,0.25,1.5,0.25,0.1,0.05
256,0.0,1.000909090909088,1.000909090909088,1.11,0.054545454545455965,0.054545454545455965,0.05454545454545601,0.035,0.035,0.03500000000000001,0.035,2.0,0.3,0.25,1.5,0.25,0.1,0.05
257,0.0,1.000909090909088,1.000909090909088,1.11,0.054545454545455965,0.054545454545455965,0.05454545454545601,0.035,0.035,0.03500000000000001,0.035,2.0,0.3,0.25,1.5,0.25,0.1,0.05
258,0.0,1.000909090909088,1.000909090909088,1.11,0.054545454545455965,0.054545454545455965,0.05454545454545601,0.035,0.035,0.03500000000000001,0.035,2.0,0.3,0.25,1.5,0.25,0.1,0.05
259,0.0,1.000909090909088,1.000909090909088,1.11,0.054545454545455965,0.054545454545455965,0.05454545454545601,0.035,0.035,0.03500000000000001,0.035,2.0,0.3,0.25,1.5,0.25,0.1,0.05
260,0.0,1.000909090909088,1.000909090909088,1.11,0.054545454545455965,0.054545454545455965,0.05454545454545601,0.035,0.035,0.03500000000000001,0.035,2.0,0.3,0.25,1.5,0.25,0.1,0.05
261,0.0,1.000909090909088,1.000909090909088,1.11,0.054545454545455965,0.054545454545455965,0.05454545454545601,0.035,0.035,0.03500000000000001,0.035,2.0,0.3,0.25,1.5,0.25,0.1,0.05
262,0.0,1.000909090909088,1.000909090909088,1.11,0.054545454545455965,0.054545454545455965,0.05454545454545601,0.035,0.035,0.03500000000000001,0.035,2.0,0.3,0.25,1.5,0.25,0.1,0.05
263,0.0,1.000909090909088,1.000909090909088,1.11,0.054545454545455965,0.054545454545455965,0.05454545454545601,0.035,0.035,0.03500000000000001,0.035,2.0,0.3,0.25,1.5,0.25,0.1,0.05
264,0.0,1.000909090909088,1.000909090909088,1.11,0.054545454545455965,0.054545454545455965,0.05454545454545601,0.035,0.035,0.03500000000000001,0.035,2.0,0.3,0.25,1.5,0.25,0.1,0.05
265,0.0,1.000909090909088,1.000909090909088,1.11,0.054545454545455965,0.054545454545455965,0.05454545454545601,0.035,0.035,0.03500000000000001,0.035,2.0,0.3,0.25,1.5,0.25,0.1,0.05
266,0.0,1.000909090909088,1.000909090909088,1.11,0.054545454545455965,0.054545454545455965,0.05454545454545601,0.035,0.035,0.03500000000000001,0.035,2.0,0.3,0.25,1.5,0.25,0.1,0.05
267,0.0,1.000909090909088,1.000909090909088,1.11,0.054545454545455965,0.054545454545455965,0.05454545454545601,0.035,0.035,0.03500000000000001,0.035,2.0,0.3,0.25,1.5,0.25,0.1,0.05
268,0.0,1.000909090909088,1.000909090909088,1.11,0.054545454545455965,0.054545454545455965,0.05454545454545601,0.035,0.035,0.03500000000000001,0.035,2.0,0.3,0.25,1.5,0.25,0.1,0.05
269,0.0,1.000909090909088,1.000909090909088,1.11,0.054545454545455965,0.054545454545455965,0.05454545454545601,0.035,0.035,0.03500000000000001,0.035,2.0,0.3,0.25,1.5,0.25,0.1,0.05
270,0.0,1.000909090909088,1.000909090909088,1.11,0.054545454545455965,0.054545454545455965,0.05454545454545601,0.035,0.035,0.03500000000000001,0.035,2.0,0.3,0.25,1.5,0.25,0.1,0.05
271,0.0,1.000909090909088,1.000909090909088,1.11,0.054545454545455965,0.054545454545455965,0.05454545454545601,0.035,0.035,0.03500000000000001,0.035,2.0,0.3,0.25,1.5,0.25,0.1,0.05
272,0.0,1.000909090909088,1.000909090909088,1.11,0.054545454545455965,0.054545454545455965,0.05454545454545601,0.035,0.035,0.03500000000000001,0.035,2.0,0.3,0.25,1.5,0.25,0.1,0.05
273,0.0,1.000909090909088,1.000909090909088,1.11,0.054545454545455965,0.054545454545455965,0.05454545454545601,0.035,0.035,0.03500000000000001,0.035,2.0,0.3,0.25,1.5,0.25,0.1,0.05
274,0.0,1.000909090909088,1.000909090909088,1.11,0.054545454545455965,0.054545454545455965,0.05454545454545601,0.035,0.035,0.03500000000000001,0.035,2.0,0.3,0.25,1.5,0.25,0.1,0.05
275,0.0,1.000909090909088,1.000909090909088,1.11,0.054545454545455965,0.054545454545455965,0.05454545454545601,0.035,0.035,0.03500000000000001,0.035,2.0,0.3,0.25,1.5,0.25,0.1,0.05
276,0.0,1.000909090909088,1.000909090909088,1.11,0.054545454545455965,0.054545454545455965,0.05454545454545601,0.035,0.035,0.03500000000000001,0.035,2.0,0.3,0.25,1.5,0.25,0.1,0.05
277,0.0,1.000909090909088,1.000909090909088,1.11,0.054545454545455965,0.054545454545455965,0.05454545454545601,0.035,0.035,0.03500000000000001,0.035,2.0,0.3,0.25,1.5,0.25,0.1,0.05
278,0.0,1.000909090909088,1.000909090909088,1.11,0.054545454545455965,0.054545454545455965,0.05454545454545601,0.035,0.035,0.03500000000000001,0.035,2.0,0.3,0.25,1.5,0.25,0.1,0.05
279,0.0,1.000909090909088,1.000909090909088,1.11,0.054545454545455965,0.054545454545455965,0.05454545454545601,0.035,0.035,0.03500000000000001,0.035,2.0,0.3,0.25,1.5,0.25,0.1,0.05
280,0.0,1.000909090909088,1.000909090909088,1.11,0.054545454545455965,0.054545454545455965,0.05454545454545601,0.035,0.035,0.03500000000000001,0.035,2.0,0.3,0.25,1.5,0.25,0.1,0.05
281,0.0,1.000909090909088,1.000909090909088,1.11,0.054545454545455965,0.054545454545455965,0.05454545454545601,0.035,0.035,0.03500000000000001,0.035,2.0,0.3,0.25,1.5,0.25,0.1,0.05
282,0.0,1.000909090909088,1.000909090909088,1.11,0.054545454545455965,0.054545454545455965,0.05454545454545601,0.035,0.035,0.03500000000000001,0.035,2.0,0.3,0.25,1.5,0.25,0.1,0.05
283,0.0,1.000909090909088,1.000909090909088,1.11,0.054545454545455965,0.054545454545455965,0.05454545454545601,0.035,0.035,0.03500000000000001,0.035,2.0,0.3,0.25,1.5,0.25,0.1,0.05
284,0.0,1.000909090909088,1.000909090909088,1.11,0.054545454545455965,0.054545454545455965,0.05454545454545601,0.035,0.035,0.03500000000000001,0.035,2.0,0.3,0.25,1.5,0.25,0.1,0.05
285,0.0,1.000909090909088,1.000909090909088,1.11,0.054545454545455965,0.054545454545455965,0.05454545454545601,0.035,0.035,0.03500000000000001,0.035,2.0,0.3,0.25,1.5,0.25,0.1,0.05
286,0.0,1.000909090909088,1.000909090909088,1.11,0.054545454545455965,0.054545454545455965,0.05454545454545601,0.035,0.035,0.03500000000000001,0.035,2.0,0.3,0.25,1.5,0.25,0.1,0.05
287,0.0,1.000909090909088,1.000909090909088,1.11,0.054545454545455965,0.054545454545455965,0.05454545454545601,0.035,0.035,0.03500000000000001,0.035,2.0,0.3,0.25,1.5,0.25,0.1,0.05
288,0.0,1.000909090909088,1.000909090909088,1.11,0.054545454545455965,0.054545454545455965,0.05454545454545601,0.035,0.035,0.03500000000000001,0.035,2.0,0.3,0.25,1.5,0.25,0.1,0.05
289,0.0,1.000909090909088,1.000909090909088,1.11,0.054545454545455965,0.054545454545455965,0.05454545454545601,0.035,0.035,0.03500000000000001,0.035,2.0,0.3,0.25,1.5,0.25,0.1,0.05
290,0.0,1.000909090909088,1.000909090909088,1.11,0.054545454545455965,0.054545454545455965,0.05454545454545601,0.035,0.035,0.03500000000000001,0.035,2.0,0.3,0.25,1.5,0.25,0.1,0.05
291,0.0,1.000909090909088,1.000909090909088,1.11,0.054545454545455965,0.054545454545455965,0.05454545454545601,0.035,0.035,0.03500000000000001,0.035,2.0,0.3,0.25,1.5,0.25,0.1,0.05
292,0.0,1.000909090909088,1.000909090909088,1.11,0.054545454545455965,0.054545454545455965,0.05454545454545601,0.035,0.035,0.03500000000000001,0.035,2.0,0.3,0.25,1.5,0.25,0.1,0.05
293,0.0,1.000909090909088,1.000909090909088,1.11,0.054545454545455965,0.054545454545455965,0.05454545454545601,0.035,0.035,0.03500000000000001,0.035,2.0,0.3,0.25,1.5,0.25,0.1,0.05
294,0.0,1.000909090909088,1.000909090909088,1.11,0.054545454545455965,0.054545454545455965,0.05454545454545601,0.035,0.035,0.03500000000000001,0.035,2.0,0.3,0.25,1.5,0.25,0.1,0.05
295,0.0,1.000909090909088,1.000909090909088,1.11,0.054545454545455965,0.054545454545455965,0.05454545454545601,0.035,0.035,0.03500000000000001,0.035,2.0,0.3,0.25,1.5,0.25,0.1,0.05
296,0.0,1.000909090909088,1.000909090909088,1.11,0.054545454545455965,0.054545454545455965,0.05454545454545601,0.035,0.035,0.03500000000000001,0.035,2.0,0.3,0.25,1.5,0.25,0.1,0.05
297,0.0,1.000909090909088,1.000909090909088,1.11,0.054545454545455965,0.054545454545455965,0.05454545454545601,0.035,0.035,0.03500000000000001,0.035,2.0,0.3,0.25,1.5,0.25,0.1,0.05
298,0.0,1.000909090909088,1.000909090909088,1.11,0.054545454545455965,0.054545454545455965,0.05454545454545601,0.035,0.035,0.03500000000000001,0.035,2.0,0.3,0.25,1.5,0.25,0.1,0.05
299,0.0,1.000909090909088,1.000909090909088,1.11,0.054545454545455965,0.054545454545455965,0.05454545454545601,0.035,0.035,0.03500000000000001,0.035,2.0,0.3,0.25,1.5,0.25,0.1,0.05
300,0.0,1.000909090909088,1.000909090909088,1.11,0.054545454545455965,0.054545454545455965,0.05454545454545601,0.035,0.035,0.03500000000000001,0.035,2.0,0.3,0.25,1.5,0.25,0.1,0.05
301,0.0,1.000909090909088,1.000909090909088,1.11,0.054545454545455965,0.054545454545455965,0.05454545454545601,0.035,0.035,0.03500000000000001,0.035,2.0,0.3,0.25,1.5,0.25,0.1,0.05
302,0.0,1.000909090909088,1.000909090909088,1.11,0.054545454545455965,0.054545454545455965,0.05454545454545601,0.035,0.035,0.03500000000000001,0.035,2.0,0.3,0.25,1.5,0.25,0.1,0.05
303,0.0,1.000909090909088,1.000909090909088,1.11,0.054545454545455965,0.054545454545455965,0.05454545454545601,0.035,0.035,0.03500000000000001,0.035,2.0,0.3,0.25,1.5,0.25,0.1,0.05
304,0.0,1.000909090909088,1.000909090909088,1.11,0.054545454545455965,0.054545454545455965,0.05454545454545601,0.035,0.035,0.03500000000000001,0.035,2.0,0.3,0.25,1.5,0.25,0.1,0.05
305,0.0,1.000909090909088,1.000909090909088,1.11,0.054545454545455965,0.054545454545455965,0.05454545454545601,0.035,0.035,0.03500000000000001,0.035,2.0,0.3,0.25,1.5,0.25,0.1,0.05
306,0.0,1.000909090909088,1.000909090909088,1.11,0.054545454545455965,0.054545454545455965,0.05454545454545601,0.035,0.035,0.03500000000000001,0.035,2.0,0.3,0.25,1.5,0.25,0.1,0.05
307,0.0,1.000909090909088,1.000909090909088,1.11,0.054545454545455965,0.054545454545455965,0.05454545454545601,0.035,0.035,0.03500000000000001,0.035,2.0,0.3,0.25,1.5,0.25,0.1,0.05
308,0.0,1.000909090909088,1.000909090909088,1.11,0.054545454545455965,0.054545454545455965,0.05454545454545601,0.035,0.035,0.03500000000000001,0.035,2.0,0.3,0.25,1.5,0.25,0.1,0.05
309,0.0,1.000909090909088,1.000909090909088,1.11,0.054545454545455965,0.054545454545455965,0.05454545454545601,0.035,0.035,0.03500000000000001,0.035,2.0,0.3,0.25,1.5,0.25,0.1,0.05
310,0.0,1.000909090909088,1.000909090909088,1.11,0.054545454545455965,0.054545454545455965,0.05454545454545601,0.035,0.035,0.03500000000000001,0.035,2.0,0.3,0.25,1.5,0.25,0.1,0.05
311,0.0,1.000909090909088,1.000909090909088,1.11,0.054545454545455965,0.054545454545455965,0.05454545454545601,0.035,0.035,0.03500000000000001,0.035,2.0,0.3,0.25,1.5,0.25,0.1,0.05
312,0.0,1.000909090909088,1.000909090909088,1.11,0.054545454545455965,0.054545454545455965,0.05454545454545601,0.035,0.035,0.03500000000000001,0.035,2.0,0.3,0.25,1.5,0.25,0.1,0.05
313,0.0,1.000909090909088,1.000909090909088,1.11,0.054545454545455965,0.054545454545455965,0.05454545454545601,0.035,0.035,0.03500000000000001,0.035,2.0,0.3,0.25,1.5,0.25,0.1,0.05
314,0.0,1.000909090909088,1.000909090909088,1.11,0.054545454545455965,0.054545454545455965,0.05454545454545601,0.035,0.035,0.03500000000000001,0.035,2.0,0.3,0.25,1.5,0.25,0.1,0.05
315,0.0,1.000909090909088,1.000909090909088,1.11,0.054545454545455965,0.054545454545455965,0.05454545454545601,0.035,0.035,0.03500000000000001,0.035,2.0,0.3,0.25,1.5,0.25,0.1,0.05
316,0.0,1.000909090909088,1.000909090909088,1.11,0.054545454545455965,0.054545454545455965,0.05454545454545601,0.035,0.035,0.03500000000000001,0.035,2.0,0.3,0.25,1.5,0.25,0.1,0.05
317,0.0,1.000909090909088,1.000909090909088,1.11,0.054545454545455965,0.054545454545455965,0.05454545454545601,0.035,0.035,0.03500000000000001,0.035,2.0,0.3,0.25,1.5,0.25,0.1,0.05
318,0.0,1.000909090909088,1.000909090909088,1.11,0.054545454545455965,0.054545454545455965,0.05454545454545601,0.035,0.035,0.03500000000000001,0.035,2.0,0.3,0.25,1.5,0.25,0.1,0.05
319,0.0,1.000909090909088,1.000909090909088,1.11,0.054545454545455965,0.054545454545455965,0.05454545454545601,0.035,0.035,0.03500000000000001,0.035,2.0,0.3,0.25,1.5,0.25,0.1,0.05
320,0.0,1.000909090909088,1.000909090909088,1.11,0.054545454545455965,0.054545454545455965,0.05454545454545601,0.035,0.035,0.03500000000000001,0.035,2.0,0.3,0.25,1.5,0.25,0.1,0.05
321,0.0,1.000909090909088,1.000909090909088,1.11,0.054545454545455965,0.054545454545455965,0.05454545454545601,0.035,0.035,0.03500000000000001,0.035,2.0,0.3,0.25,1.5,0.25,0.1,0.05
322,0.0,1.000909090909088,1.000909090909088,1.11,0.054545454545455965,0.054545454545455965,0.05454545454545601,0.035,0.035,0.03500000000000001,0.035,2.0,0.3,0.25,1.5,0.25,0.1,0.05
323,0.0,1.000909090909088,1.000909090909088,1.11,0.054545454545455965,0.054545454545455965,0.05454545454545601,0.035,0.035,0.03500000000000001,0.035,2.0,0.3,0.25,1.5,0.25,0.1,0.05
324,0.0,1.000909090909088,1.000909090909088,1.11,0.054545454545455965,0.054545454545455965,0.05454545454545601,0.035,0.035,0.03500000000000001,0.035,2.0,0.3,0.25,1.5,0.25,0.1,0.05
325,0.0,1.000909090909088,1.000909090909088,1.11,0.054545454545455965,0.054545454545455965,0.05454545454545601,0.035,0.035,0.03500000000000001,0.035,2.0,0.3,0.25,1.5,0.25,0.1,0.05
326,0.0,1.000909090909088,1.000909090909088,1.11,0.054545454545455965,0.054545454545455965,0.05454545454545601,0.035,0.035,0.03500000000000001,0.035,2.0,0.3,0.25,1.5,0.25,0.1,0.05
327,0.0,1.000909090909088,1.000909090909088,1.11,0.054545454545455965,0.054545454545455965,0.05454545454545601,0.035,0.035,0.03500000000000001,0.035,2.0,0.3,0.25,1.5,0.25,0.1,0.05
328,0.0,1.000909090909088,1.000909090909088,1.11,0.054545454545455965,0.054545454545455965,0.05454545454545601,0.035,0.035,0.03500000000000001,0.035,2.0,0.3,0.25,1.5,0.25,0.1,0.05
329,0.0,1.000909090909088,1.000909090909088,1.11,0.054545454545455965,0.054545454545455965,0.05454545454545601,0.035,0.035,0.03500000000000001,0.035,2.0,0.3,0.25,1.5,0.25,0.1,0.05
330,0.0,1.000909090909088,1.000909090909088,1.11,0.054545454545455965,0.054545454545455965,0.05454545454545601,0.035,0.035,0.03500000000000001,0.035,2.0,0.3,0.25,1.5,0.25,0.1,0.05
331,0.0,1.000909090909088,1.000909090909088,1.11,0.054545454545455965,0.054545454545455965,0.05454545454545601,0.035,0.035,0.03500000000000001,0.035,2.0,0.3,0.25,1.5,0.25,0.1,0.05
332,0.0,1.000909090909088,1.000909090909088,1.11,0.054545454545455965,0.054545454545455965,0.05454545454545601,0.035,0.035,0.03500000000000001,0.035,2.0,0.3,0.25,1.5,0.25,0.1,0.05
333,0.0,1.000909090909088,1.000909090909088,1.11,0.054545454545455965,0.054545454545455965,0.05454545454545601,0.035,0.035,0.03500000000000001,0.035,2.0,0.3,0.25,1.5,0.25,0.1,0.05
334,0.0,1.000909090909088,1.000909090909088,1.11,0.054545454545455965,0.054545454545455965,0.05454545454545601,0.035,0.035,0.03500000000000001,0.035,2.0,0.3,0.25,1.5,0.25,0.1,0.05
335,0.0,1.000909090909088,1.000909090909088,1.11,0.054545454545455965,0.054545454545455965,0.05454545454545601,0.035,0.035,0.03500000000000001,0.035,2.0,0.3,0.25,1.5,0.25,0.1,0.05
336,0.0,1.000909090909088,1.000909090909088,1.11,0.054545454545455965,0.054545454545455965,0.05454545454545601,0.035,0.035,0.03500000000000001,0.035,2.0,0.3,0.25,1.5,0.25,0.1,0.05
337,0.0,1.000909090909088,1.000909090909088,1.11,0.054545454545455965,0.054545454545455965,0.05454545454545601,0.035,0.035,0.03500000000000001,0.035,2.0,0.3,0.25,1.5,0.25,0.1,0.05
338,0.0,1.000909090909088,1.000909090909088,1.11,0.054545454545455965,0.054545454545455965,0.05454545454545601,0.035,0.035,0.03500000000000001,0.035,2.0,0.3,0.25,1.5,0.25,0.1,0.05
339,0.0,1.000909090909088,1.000909090909088,1.11,0.054545454545455965,0.054545454545455965,0.05454545454545601,0.035,0.035,0.03500000000000001,0.035,2.0,0.3,0.25,1.5,0.25,0.1,0.05
340,0.0,1.000909090909088,1.000909090909088,1.11,0.054545454545455965,0.054545454545455965,0.05454545454545601,0.035,0.035,0.03500000000000001,0.035,2.0,0.3,0.25,1.5,0.25,0.1,0.05
341,0.0,1.000909090909088,1.000909090909088,1.11,0.054545454545455965,0.054545454545455965,0.05454545454545601,0.035,0.035,0.03500000000000001,0.035,2.0,0.3,0.25,1.5,0.25,0.1,0.05
342,0.0,1.000909090909088,1.000909090909088,1.11,0.054545454545455965,0.054545454545455965,0.05454545454545601,0.035,0.035,0.03500000000000001,0.035,2.0,0.3,0.25,1.5,0.25,0.1,0.05
343,0.0,1.000909090909088,1.000909090909088,1.11,0.054545454545455965,0.054545454545455965,0.05454545454545601,0.035,0.035,0.03500000000000001,0.035,2.0,0.3,0.25,1.5,0.25,0.1,0.05
344,0.0,1.000909090909088,1.000909090909088,1.11,0.054545454545455965,0.054545454545455965,0.05454545454545601,0.035,0.035,0.03500000000000001,0.035,2.0,0.3,0.25,1.5,0.25,0.1,0.05
345,0.0,1.000909090909088,1.000909090909088,1.11,0.054545454545455965,0.054545454545455965,0.05454545454545601,0.035,0.035,0.03500000000000001,0.035,2.0,0.3,0.25,1.5,0.25,0.1,0.05
346,0.0,1.000909090909088,1.000909090909088,1.11,0.054545454545455965,0.054545454545455965,0.05454545454545601,0.035,0.035,0.03500000000000001,0.035,2.0,0.3,0.25,1.5,0.25,0.1,0.05
347,0.0,1.000909090909088,1.000909090909088,1.11,0.054545454545455965,0.054545454545455965,0.05454545454545601,0.035,0.035,0.03500000000000001,0.035,2.0,0.3,0.25,1.5,0.25,0.1,0.05
348,0.0,1.000909090909088,1.000909090909088,1.11,0.054545454545455965,0.054545454545455965,0.05454545454545601,0.035,0.035,0.03500000000000001,0.035,2.0,0.3,0.25,1.5,0.25,0.1,0.05
349,0.0,1.000909090909088,1.000909090909088,1.11,0.054545454545455965,0.054545454545455965,0.05454545454545601,0.035,0.035,0.03500000000000001,0.035,2.0,0.3,0.25,1.5,0.25,0.1,0.05
350,0.0,1.000909090909088,1.000909090909088,1.11,0.054545454545455965,0.054545454545455965,0.05454545454545601,0.035,0.035,0.03500000000000001,0.035,2.0,0.3,0.25,1.5,0.25,0.1,0.05
351,0.0,1.000909090909088,1.000909090909088,1.11,0.054545454545455965,0.054545454545455965,0.05454545454545601,0.035,0.035,0.03500000000000001,0.035,2.0,0.3,0.25,1.5,0.25,0.1,0.05
352,0.0,1.000909090909088,1.000909090909088,1.11,0.054545454545455965,0.054545454545455965,0.05454545454545601,0.035,0.035,0.03500000000000001,0.035,2.0,0.3,0.25,1.5,0.25,0.1,0.05
353,0.0,1.000909090909088,1.000909090909088,1.11,0.054545454545455965,0.054545454545455965,0.05454545454545601,0.035,0.035,0.03500000000000001,0.035,2.0,0.3,0.25,1.5,0.25,0.1,0.05
354,0.0,1.000909090909088,1.000909090909088,1.11,0.054545454545455965,0.054545454545455965,0.05454545454545601,0.035,0.035,0.03500000000000001,0.035,2.0,0.3,0.25,1.5,0.25,0.1,0.05
355,0.0,1.000909090909088,1.000909090909088,1.11,0.054545454545455965,0.054545454545455965,0.05454545454545601,0.035,0.035,0.03500000000000001,0.035,2.0,0.3,0.25,1.5,0.25,0.1,0.05
356,0.0,1.000909090909088,1.000909090909088,1.11,0.054545454545455965,0.054545454545455965,0.05454545454545601,0.035,0.035,0.03500000000000001,0.035,2.0,0.3,0.25,1.5,0.25,0.1,0.05
357,0.0,1.000909090909088,1.000909090909088,1.11,0.054545454545455965,0.054545454545455965,0.05454545454545601,0.035,0.035,0.03500000000000001,0.035,2.0,0.3,0.25,1.5,0.25,0.1,0.05
358,0.0,1.000909090909088,1.000909090909088,1.11,0.054545454545455965,0.054545454545455965,0.05454545454545601,0.035,0.035,0.03500000000000001,0.035,2.0,0.3,0.25,1.5,0.25,0.1,0.05
359,0.0,1.000909090909088,1.000909090909088,1.11,0.054545454545455965,0.054545454545455965,0.05454545454545601,0.035,0.035,0.03500000000000001,0.035,2.0,0.3,0.25,1.5,0.25,0.1,0.05
360,0.0,1.000909090909088,1.000909090909088,1.11,0.054545454545455965,0.054545454545455965,0.05454545454545601,0.035,0.035,0.03500000000000001,0.035,2.0,0.3,0.25,1.5,0.25,0.1,0.05
361,0.0,1.000909090909088,1.000909090909088,1.11,0.054545454545455965,0.054545454545455965,0.05454545454545601,0.035,0.035,0.03500000000000001,0.035,2.0,0.3,0.25,1.5,0.25,0.1,0.05
362,0.0,1.000909090909088,1.000909090909088,1.11,0.054545454545455965,0.054545454545455965,0.05454545454545601,0.035,0.035,0.03500000000000001,0.035,2.0,0.3,0.25,1.5,0.25,0.1,0.05
363,0.0,1.000909090909088,1.000909090909088,1.11,0.054545454545455965,0.054545454545455965,0.05454545454545601,0.035,0.035,0.03500000000000001,0.035,2.0,0.3,0.25,1.5,0.25,0.1,0.05
364,0.0,1.000909090909088,1.000909090909088,1.11,0.054545454545455965,0.054545454545455965,0.05454545454545601,0.035,0.035,0.03500000000000001,0.035,2.0,0.3,0.25,1.5,0.25,0.1,0.05
365,0.0,1.000909090909088,1.000909090909088,1.11,0.054545454545455965,0.054545454545455965,0.05454545454545601,0.035,0.035,0.03500000000000001,0.035,2.0,0.3,0.25,1.5,0.25,0.1,0.05
366,0.0,1.000909090909088,1.000909090909088,1.11,0.054545454545455965,0.054545454545455965,0.05454545454545601,0.035,0.035,0.03500000000000001,0.035,2.0,0.3,0.25,1.5,0.25,0.1,0.05
367,0.0,1.000909090909088,1.000909090909088,1.11,0.054545454545455965,0.054545454545455965,0.05454545454545601,0.035,0.035,0.03500000000000001,0.035,2.0,0.3,0.25,1.5,0.25,0.1,0.05
368,0.0,1.000909090909088,1.000909090909088,1.11,0.054545454545455965,0.054545454545455965,0.05454545454545601,0.035,0.035,0.03500000000000001,0.035,2.0,0.3,0.25,1.5,0.25,0.1,0.05
369,0.0,1.000909090909088,1.000909090909088,1.11,0.054545454545455965,0.054545454545455965,0.05454545454545601,0.035,0.035,0.03500000000000001,0.035,2.0,0.3,0.25,1.5,0.25,0.1,0.05
370,0.0,1.000909090909088,1.000909090909088,1.11,0.054545454545455965,0.054545454545455965,0.05454545454545601,0.035,0.035,0.03500000000000001,0.035,2.0,0.3,0.25,1.5,0.25,0.1,0.05
371,0.0,1.000909090909088,1.000909090909088,1.11,0.054545454545455965,0.054545454545455965,0.05454545454545601,0.035,0.035,0.03500000000000001,0.035,2.0,0.3,0.25,1.5,0.25,0.1,0.05
372,0.0,1.000909090909088,1.000909090909088,1.11,0.054545454545455965,0.054545454545455965,0.05454545454545601,0.035,0.035,0.03500000000000001,0.035,2.0,0.3,0.25,1.5,0.25,0.1,0.05
373,0.0,1.000909090909088,1.000909090909088,1.11,0.054545454545455965,0.054545454545455965,0.05454545454545601,0.035,0.035,0.03500000000000001,0.035,2.0,0.3,0.25,1.5,0.25,0.1,0.05
374,0.0,1.000909090909088,1.000909090909088,1.11,0.054545454545455965,0.054545454545455965,0.05454545454545601,0.035,0.035,0.03500000000000001,0.035,2.0,0.3,0.25,1.5,0.25,0.1,0.05
375,0.0,1.000909090909088,1.000909090909088,1.11,0.054545454545455965,0.054545454545455965,0.05454545454545601,0.035,0.035,0.03500000000000001,0.035,2.0,0.3,0.25,1.5,0.25,0.1,0.05
376,0.0,1.000909090909088,1.000909090909088,1.11,0.054545454545455965,0.054545454545455965,0.05454545454545601,0.035,0.035,0.03500000000000001,0.035,2.0,0.3,0.25,1.5,0.25,0.1,0.05
377,0.0,1.000909090909088,1.000909090909088,1.11,0.054545454545455965,0.054545454545455965,0.05454545454545601,0.035,0.035,0.03500000000000001,0.035,2.0,0.3,0.25,1.5,0.25,0.1,0.05
378,0.0,1.000909090909088,1.000909090909088,1.11,0.054545454545455965,0.054545454545455965,0.05454545454545601,0.035,0.035,0.03500000000000001,0.035,2.0,0.3,0.25,1.5,0.25,0.1,0.05
379,0.0,1.000909090909088,1.000909090909088,1.11,0.054545454545455965,0.054545454545455965,0.05454545454545601,0.035,0.035,0.03500000000000001,0.035,2.0,0.3,0.25,1.5,0.25,0.1,0.05
380,0.0,1.000909090909088,1.000909090909088,1.11,0.054545454545455965,0.054545454545455965,0.05454545454545601,0.035,0.035,0.03500000000000001,0.035,2.0,0.3,0.25,1.5,0.25,0.1,0.05
381,0.0,1.000909090909088,1.000909090909088,1.11,0.054545454545455965,0.054545454545455965,0.05454545454545601,0.035,0.035,0.03500000000000001,0.035,2.0,0.3,0.25,1.5,0.25,0.1,0.05
382,0.0,1.000909090909088,1.000909090909088,1.11,0.054545454545455965,0.054545454545455965,0.05454545454545601,0.035,0.035,0.03500000000000001,0.035,2.0,0.3,0.25,1.5,0.25,0.1,0.05
383,0.0,1.000909090909088,1.000909090909088,1.11,0.054545454545455965,0.054545454545455965,0.05454545454545601,0.035,0.035,0.03500000000000001,0.035,2.0,0.3,0.25,1.5,0.25,0.1,0.05
384,0.0,1.000909090909088,1.000909090909088,1.11,0.054545454545455965,0.054545454545455965,0.05454545454545601,0.035,0.035,0.03500000000000001,0.035,2.0,0.3,0.25,1.5,0.25,0.1,0.05
385,0.0,1.000909090909088,1.000909090909088,1.11,0.054545454545455965,0.054545454545455965,0.05454545454545601,0.035,0.035,0.03500000000000001,0.035,2.0,0.3,0.25,1.5,0.25,0.1,0.05
386,0.0,1.000909090909088,1.000909090909088,1.11,0.054545454545455965,0.054545454545455965,0.05454545454545601,0.035,0.035,0.03500000000000001,0.035,2.0,0.3,0.25,1.5,0.25,0.1,0.05
387,0.0,1.000909090909088,1.000909090909088,1.11,0.054545454545455965,0.054545454545455965,0.05454545454545601,0.035,0.035,0.03500000000000001,0.035,2.0,0.3,0.25,1.5,0.25,0.1,0.05
388,0.0,1.000909090909088,1.000909090909088,1.11,0.054545454545455965,0.054545454545455965,0.05454545454545601,0.035,0.035,0.03500000000000001,0.035,2.0,0.3,0.25,1.5,0.25,0.1,0.05
389,0.0,1.000909090909088,1.000909090909088,1.11,0.054545454545455965,0.054545454545455965,0.05454545454545601,0.035,0.035,0.03500000000000001,0.035,2.0,0.3,0.25,1.5,0.25,0.1,0.05
390,0.0,1.000909090909088,1.000909090909088,1.11,0.054545454545455965,0.054545454545455965,0.05454545454545601,0.035,0.035,0.03500000000000001,0.035,2.0,0.3,0.25,1.5,0.25,0.1,0.05
391,0.0,1.000909090909088,1.000909090909088,1.11,0.054545454545455965,0.054545454545455965,0.05454545454545601,0.035,0.035,0.03500000000000001,0.035,2.0,0.3,0.25,1.5,0.25,0.1,0.05
392,0.0,1.000909090909088,1.000909090909088,1.11,0.054545454545455965,0.054545454545455965,0.05454545454545601,0.035,0.035,0.03500000000000001,0.035,2.0,0.3,0.25,1.5,0.25,0.1,0.05
393,0.0,1.000909090909088,1.000909090909088,1.11,0.054545454545455965,0.054545454545455965,0.05454545454545601,0.035,0.035,0.03500000000000001,0.035,2.0,0.3,0.25,1.5,0.25,0.1,0.05
394,0.0,1.000909090909088,1.000909090909088,1.11,0.054545454545455965,0.054545454545455965,0.05454545454545601,0.035,0.035,0.03500000000000001,0.035,2.0,0.3,0.25,1.5,0.25,0.1,0.05
395,0.0,1.000909090909088,1.000909090909088,1.11,0.054545454545455965,0.054545454545455965,0.05454545454545601,0.035,0.035,0.03500000000000001,0.035,2.0,0.3,0.25,1.5,0.25,0.1,0.05
396,0.0,1.000909090909088,1.000909090909088,1.11,0.054545454545455965,0.054545454545455965,0.05454545454545601,0.035,0.035,0.03500000000000001,0.035,2.0,0.3,0.25,1.5,0.25,0.1,0.05
397,0.0,1.000909090909088,1.000909090909088,1.11,0.054545454545455965,0.054545454545455965,0.05454545454545601,0.035,0.035,0.03500000000000001,0.035,2.0,0.3,0.25,1.5,0.25,0.1,0.05
398,0.0,1.000909090909088,1.000909090909088,1.11,0.054545454545455965,0.054545454545455965,0.05454545454545601,0.035,0.035,0.03500000000000001,0.035,2.0,0.3,0.25,1.5,0.25,0.1,0.05
399,0.0,1.000909090909088,1.000909090909088,1.11,0.054545454545455965,0.054545454545455965,0.05454545454545601,0.035,0.035,0.03500000000000001,0.035,2.0,0.3,0.25,1.5,0.25,0.1,0.05
400,0.0,1.000909090909088,1.000909090909088,1.11,0.054545454545455965,0.054545454545455965,0.05454545454545601,0.035,0.035,0.03500000000000001,0.035,2.0,0.3,0.25,1.5,0.25,0.1,0.05
401,0.0,1.000909090909088,1.000909090909088,1.11,0.054545454545455965,0.054545454545455965,0.05454545454545601,0.035,0.035,0.03500000000000001,0.035,2.0,0.3,0.25,1.5,0.25,0.1,0.05
402,0.0,1.000909090909088,1.000909090909088,1.11,0.054545454545455965,0.054545454545455965,0.05454545454545601,0.035,0.035,0.03500000000000001,0.035,2.0,0.3,0.25,1.5,0.25,0.1,0.05
403,0.0,1.000909090909088,1.000909090909088,1.11,0.054545454545455965,0.054545454545455965,0.05454545454545601,0.035,0.035,0.03500000000000001,0.035,2.0,0.3,0.25,1.5,0.25,0.1,0.05
404,0.0,1.000909090909088,1.000909090909088,1.11,0.054545454545455965,0.054545454545455965,0.05454545454545601,0.035,0.035,0.03500000000000001,0.035,2.0,0.3,0.25,1.5,0.25,0.1,0.05
405,0.0,1.000909090909088,1.000909090909088,1.11,0.054545454545455965,0.054545454545455965,0.05454545454545601,0.035,0.035,0.03500000000000001,0.035,2.0,0.3,0.25,1.5,0.25,0.1,0.05
406,0.0,1.000909090909088,1.000909090909088,1.11,0.054545454545455965,0.054545454545455965,0.05454545454545601,0.035,0.035,0.03500000000000001,0.035,2.0,0.3,0.25,1.5,0.25,0.1,0.05
407,0.0,1.000909090909088,1.000909090909088,1.11,0.054545454545455965,0.054545454545455965,0.05454545454545601,0.035,0.035,0.03500000000000001,0.035,2.0,0.3,0.25,1.5,0.25,0.1,0.05
408,0.0,1.000909090909088,1.000909090909088,1.11,0.054545454545455965,0.054545454545455965,0.05454545454545601,0.035,0.035,0.03500000000000001,0.035,2.0,0.3,0.25,1.5,0.25,0.1,0.05
409,0.0,1.000909090909088,1.000909090909088,1.11,0.054545454545455965,0.054545454545455965,0.05454545454545601,0.035,0.035,0.03500000000000001,0.035,2.0,0.3,0.25,1.5,0.25,0.1,0.05
410,0.0,1.000909090909088,1.000909090909088,1.11,0.054545454545455965,0.054545454545455965,0.05454545454545601,0.035,0.035,0.03500000000000001,0.035,2.0,0.3,0.25,1.5,0.25,0.1,0.05
411,0.0,1.000909090909088,1.000909090909088,1.11,0.054545454545455965,0.054545454545455965,0.05454545454545601,0.035,0.035,0.03500000000000001,0.035,2.0,0.3,0.25,1.5,0.25,0.1,0.05
412,0.0,1.000909090909088,1.000909090909088,1.11,0.054545454545455965,0.054545454545455965,0.05454545454545601,0.035,0.035,0.03500000000000001,0.035,2.0,0.3,0.25,1.5,0.25,0.1,0.05
413,0.0,1.000909090909088,1.000909090909088,1.11,0.054545454545455965,0.054545454545455965,0.05454545454545601,0.035,0.035,0.03500000000000001,0.035,2.0,0.3,0.25,1.5,0.25,0.1,0.05
414,0.0,1.000909090909088,1.000909090909088,1.11,0.054545454545455965,0.054545454545455965,0.05454545454545601,0.035,0.035,0.03500000000000001,0.035,2.0,0.3,0.25,1.5,0.25,0.1,0.05
415,0.0,1.000909090909088,1.000909090909088,1.11,0.054545454545455965,0.054545454545455965,0.05454545454545601,0.035,0.035,0.03500000000000001,0.035,2.0,0.3,0.25,1.5,0.25,0.1,0.05
416,0.0,1.000909090909088,1.000909090909088,1.11,0.054545454545455965,0.054545454545455965,0.05454545454545601,0.035,0.035,0.03500000000000001,0.035,2.0,0.3,0.25,1.5,0.25,0.1,0.05
417,0.0,1.000909090909088,1.000909090909088,1.11,0.054545454545455965,0.054545454545455965,0.05454545454545601,0.035,0.035,0.03500000000000001,0.035,2.0,0.3,0.25,1.5,0.25,0.1,0.05
418,0.0,1.000909090909088,1.000909090909088,1.11,0.054545454545455965,0.054545454545455965,0.05454545454545601,0.035,0.035,0.03500000000000001,0.035,2.0,0.3,0.25,1.5,0.25,0.1,0.05
419,0.0,1.000909090909088,1.000909090909088,1.11,0.054545454545455965,0.054545454545455965,0.05454545454545601,0.035,0.035,0.03500000000000001,0.035,2.0,0.3,0.25,1.5,0.25,0.1,0.05
420,0.0,1.000909090909088,1.000909090909088,1.11,0.054545454545455965,0.054545454545455965,0.05454545454545601,0.035,0.035,0.03500000000000001,0.035,2.0,0.3,0.25,1.5,0.25,0.1,0.05
421,0.0,1.000909090909088,1.000909090909088,1.11,0.054545454545455965,0.054545454545455965,0.05454545454545601,0.035,0.035,0.03500000000000001,0.035,2.0,0.3,0.25,1.5,0.25,0.1,0.05
422,0.0,1.000909090909088,1.000909090909088,1.11,0.054545454545455965,0.054545454545455965,0.05454545454545601,0.035,0.035,0.03500000000000001,0.035,2.0,0.3,0.25,1.5,0.25,0.1,0.05
423,0.0,1.000909090909088,1.000909090909088,1.11,0.054545454545455965,0.054545454545455965,0.05454545454545601,0.035,0.035,0.03500000000000001,0.035,2.0,0.3,0.25,1.5,0.25,0.1,0.05
424,0.0,1.000909090909088,1.000909090909088,1.11,0.054545454545455965,0.054545454545455965,0.05454545454545601,0.035,0.035,0.03500000000000001,0.035,2.0,0.3,0.25,1.5,0.25,0.1,0.05
425,0.0,1.000909090909088,1.000909090909088,1.11,0.054545454545455965,0.054545454545455965,0.05454545454545601,0.035,0.035,0.03500000000000001,0.035,2.0,0.3,0.25,1.5,0.25,0.1,0.05
426,0.0,1.000909090909088,1.000909090909088,1.11,0.054545454545455965,0.054545454545455965,0.05454545454545601,0.035,0.035,0.03500000000000001,0.035,2.0,0.3,0.25,1.5,0.25,0.1,0.05
427,0.0,1.000909090909088,1.000909090909088,1.11,0.054545454545455965,0.054545454545455965,0.05454545454545601,0.035,0.035,0.03500000000000001,0.035,2.0,0.3,0.25,1.5,0.25,0.1,0.05
428,0.0,1.000909090909088,1.000909090909088,1.11,0.054545454545455965,0.054545454545455965,0.05454545454545601,0.035,0.035,0.03500000000000001,0.035,2.0,0.3,0.25,1.5,0.25,0.1,0.05
429,0.0,1.000909090909088,1.000909090909088,1.11,0.054545454545455965,0.054545454545455965,0.05454545454545601,0.035,0.035,0.03500000000000001,0.035,2.0,0.3,0.25,1.5,0.25,0.1,0.05
430,0.0,1.000909090909088,1.000909090909088,1.11,0.054545454545455965,0.054545454545455965,0.05454545454545601,0.035,0.035,0.03500000000000001,0.035,2.0,0.3,0.25,1.5,0.25,0.1,0.05
431,0.0,1.000909090909088,1.000909090909088,1.11,0.054545454545455965,0.054545454545455965,0.05454545454545601,0.035,0.035,0.03500000000000001,0.035,2.0,0.3,0.25,1.5,0.25,0.1,0.05
432,0.0,1.000909090909088,1.000909090909088,1.11,0.054545454545455965,0.054545454545455965,0.05454545454545601,0.035,0.035,0.03500000000000001,0.035,2.0,0.3,0.25,1.5,0.25,0.1,0.05
433,0.0,1.000909090909088,1.000909090909088,1.11,0.054545454545455965,0.054545454545455965,0.05454545454545601,0.035,0.035,0.03500000000000001,0.035,2.0,0.3,0.25,1.5,0.25,0.1,0.05
434,0.0,1.000909090909088,1.000909090909088,1.11,0.054545454545455965,0.054545454545455965,0.05454545454545601,0.035,0.035,0.03500000000000001,0.035,2.0,0.3,0.25,1.5,0.25,0.1,0.05
435,0.0,1.000909090909088,1.000909090909088,1.11,0.054545454545455965,0.054545454545455965,0.05454545454545601,0.035,0.035,0.03500000000000001,0.035,2.0,0.3,0.25,1.5,0.25,0.1,0.05
436,0.0,1.000909090909088,1.000909090909088,1.11,0.054545454545455965,0.054545454545455965,0.05454545454545601,0.035,0.035,0.03500000000000001,0.035,2.0,0.3,0.25,1.5,0.25,0.1,0.05
437,0.0,1.000909090909088,1.000909090909088,1.11,0.054545454545455965,0.054545454545455965,0.05454545454545601,0.035,0.035,0.03500000000000001,0.035,2.0,0.3,0.25,1.5,0.25,0.1,0.05
438,0.0,1.000909090909088,1.000909090909088,1.11,0.054545454545455965,0.054545454545455965,0.05454545454545601,0.035,0.035,0.03500000000000001,0.035,2.0,0.3,0.25,1.5,0.25,0.1,0.05
439,0.0,1.000909090909088,1.000909090909088,1.11,0.054545454545455965,0.054545454545455965,0.05454545454545601,0.035,0.035,0.03500000000000001,0.035,2.0,0.3,0.25,1.5,0.25,0.1,0.05
440,0.0,1.000909090909088,1.000909090909088,1.11,0.054545454545455965,0.054545454545455965,0.05454545454545601,0.035,0.035,0.03500000000000001,0.035,2.0,0.3,0.25,1.5,0.25,0.1,0.05
441,0.0,1.000909090909088,1.000909090909088,1.11,0.054545454545455965,0.054545454545455965,0.05454545454545601,0.035,0.035,0.03500000000000001,0.035,2.0,0.3,0.25,1.5,0.25,0.1,0.05
442,0.0,1.000909090909088,1.000909090909088,1.11,0.054545454545455965,0.054545454545455965,0.05454545454545601,0.035,0.035,0.03500000000000001,0.035,2.0,0.3,0.25,1.5,0.25,0.1,0.05
443,0.0,1.000909090909088,1.000909090909088,1.11,0.054545454545455965,0.054545454545455965,0.05454545454545601,0.035,0.035,0.03500000000000001,0.035,2.0,0.3,0.25,1.5,0.25,0.1,0.05
444,0.0,1.000909090909088,1.000909090909088,1.11,0.054545454545455965,0.054545454545455965,0.05454545454545601,0.035,0.035,0.03500000000000001,0.035,2.0,0.3,0.25,1.5,0.25,0.1,0.05
445,0.0,1.000909090909088,1.000909090909088,1.11,0.054545454545455965,0.054545454545455965,0.05454545454545601,0.035,0.035,0.03500000000000001,0.035,2.0,0.3,0.25,1.5,0.25,0.1,0.05
446,0.0,1.000909090909088,1.000909090909088,1.11,0.054545454545455965,0.054545454545455965,0.05454545454545601,0.035,0.035,0.03500000000000001,0.035,2.0,0.3,0.25,1.5,0.25,0.1,0.05
447,0.0,1.000909090909088,1.000909090909088,1.11,0.054545454545455965,0.054545454545455965,0.05454545454545601,0.035,0.035,0.03500000000000001,0.035,2.0,0.3,0.25,1.5,0.25,0.1,0.05
448,0.0,1.000909090909088,1.000909090909088,1.11,0.054545454545455965,0.054545454545455965,0.05454545454545601,0.035,0.035,0.03500000000000001,0.035,2.0,0.3,0.25,1.5,0.25,0.1,0.05
449,0.0,1.000909090909088,1.000909090909088,1.11,0.054545454545455965,0.054545454545455965,0.05454545454545601,0.035,0.035,0.03500000000000001,0.035,2.0,0.3,0.25,1.5,0.25,0.1,0.05
450,0.0,1.000909090909088,1.000909090909088,1.11,0.054545454545455965,0.054545454545455965,0.05454545454545601,0.035,0.035,0.03500000000000001,0.035,2.0,0.3,0.25,1.5,0.25,0.1,0.05
451,0.0,1.000909090909088,1.000909090909088,1.11,0.054545454545455965,0.054545454545455965,0.05454545454545601,0.035,0.035,0.03500000000000001,0.035,2.0,0.3,0.25,1.5,0.25,0.1,0.05
452,0.0,1.000909090909088,1.000909090909088,1.11,0.054545454545455965,0.054545454545455965,0.05454545454545601,0.035,0.035,0.03500000000000001,0.035,2.0,0.3,0.25,1.5,0.25,0.1,0.05
453,0.0,1.000909090909088,1.000909090909088,1.11,0.054545454545455965,0.054545454545455965,0.05454545454545601,0.035,0.035,0.03500000000000001,0.035,2.0,0.3,0.25,1.5,0.25,0.1,0.05
454,0.0,1.000909090909088,1.000909090909088,1.11,0.054545454545455965,0.054545454545455965,0.05454545454545601,0.035,0.035,0.03500000000000001,0.035,2.0,0.3,0.25,1.5,0.25,0.1,0.05
455,0.0,1.000909090909088,1.000909090909088,1.11,0.054545454545455965,0.054545454545455965,0.05454545454545601,0.035,0.035,0.03500000000000001,0.035,2.0,0.3,0.25,1.5,0.25,0.1,0.05
456,0.0,1.000909090909088,1.000909090909088,1.11,0.054545454545455965,0.054545454545455965,0.05454545454545601,0.035,0.035,0.03500000000000001,0.035,2.0,0.3,0.25,1.5,0.25,0.1,0.05
457,0.0,1.000909090909088,1.000909090909088,1.11,0.054545454545455965,0.054545454545455965,0.05454545454545601,0.035,0.035,0.03500000000000001,0.035,2.0,0.3,0.25,1.5,0.25,0.1,0.05
458,0.0,1.000909090909088,1.000909090909088,1.11,0.054545454545455965,0.054545454545455965,0.05454545454545601,0.035,0.035,0.03500000000000001,0.035,2.0,0.3,0.25,1.5,0.25,0.1,0.05
459,0.0,1.000909090909088,1.000909090909088,1.11,0.054545454545455965,0.054545454545455965,0.05454545454545601,0.035,0.035,0.03500000000000001,0.035,2.0,0.3,0.25,1.5,0.25,0.1,0.05
460,0.0,1.000909090909088,1.000909090909088,1.11,0.054545454545455965,0.054545454545455965,0.05454545454545601,0.035,0.035,0.03500000000000001,0.035,2.0,0.3,0.25,1.5,0.25,0.1,0.05
461,0.0,1.000909090909088,1.000909090909088,1.11,0.054545454545455965,0.054545454545455965,0.05454545454545601,0.035,0.035,0.03500000000000001,0.035,2.0,0.3,0.25,1.5,0.25,0.1,0.05
462,0.0,1.000909090909088,1.000909090909088,1.11,0.054545454545455965,0.054545454545455965,0.05454545454545601,0.035,0.035,0.03500000000000001,0.035,2.0,0.3,0.25,1.5,0.25,0.1,0.05
463,0.0,1.000909090909088,1.000909090909088,1.11,0.054545454545455965,0.054545454545455965,0.05454545454545601,0.035,0.035,0.03500000000000001,0.035,2.0,0.3,0.25,1.5,0.25,0.1,0.05
464,0.0,1.000909090909088,1.000909090909088,1.11,0.054545454545455965,0.054545454545455965,0.05454545454545601,0.035,0.035,0.03500000000000001,0.035,2.0,0.3,0.25,1.5,0.25,0.1,0.05
465,0.0,1.000909090909088,1.000909090909088,1.11,0.054545454545455965,0.054545454545455965,0.05454545454545601,0.035,0.035,0.03500000000000001,0.035,2.0,0.3,0.25,1.5,0.25,0.1,0.05
466,0.0,1.000909090909088,1.000909090909088,1.11,0.054545454545455965,0.054545454545455965,0.05454545454545601,0.035,0.035,0.03500000000000001,0.035,2.0,0.3,0.25,1.5,0.25,0.1,0.05
467,0.0,1.000909090909088,1.000909090909088,1.11,0.054545454545455965,0.054545454545455965,0.05454545454545601,0.035,0.035,0.03500000000000001,0.035,2.0,0.3,0.25,1.5,0.25,0.1,0.05
468,0.0,1.000909090909088,1.000909090909088,1.11,0.054545454545455965,0.054545454545455965,0.05454545454545601,0.035,0.035,0.03500000000000001,0.035,2.0,0.3,0.25,1.5,0.25,0.1,0.05
469,0.0,1.000909090909088,1.000909090909088,1.11,0.054545454545455965,0.054545454545455965,0.05454545454545601,0.035,0.035,0.03500000000000001,0.035,2.0,0.3,0.25,1.5,0.25,0.1,0.05
470,0.0,1.000909090909088,1.000909090909088,1.11,0.054545454545455965,0.054545454545455965,0.05454545454545601,0.035,0.035,0.03500000000000001,0.035,2.0,0.3,0.25,1.5,0.25,0.1,0.05
471,0.0,1.000909090909088,1.000909090909088,1.11,0.054545454545455965,0.054545454545455965,0.05454545454545601,0.035,0.035,0.03500000000000001,0.035,2.0,0.3,0.25,1.5,0.25,0.1,0.05
472,0.0,1.000909090909088,1.000909090909088,1.11,0.054545454545455965,0.054545454545455965,0.05454545454545601,0.035,0.035,0.03500000000000001,0.035,2.0,0.3,0.25,1.5,0.25,0.1,0.05
473,0.0,1.000909090909088,1.000909090909088,1.11,0.054545454545455965,0.054545454545455965,0.05454545454545601,0.035,0.035,0.03500000000000001,0.035,2.0,0.3,0.25,1.5,0.25,0.1,0.05
474,0.0,1.000909090909088,1.000909090909088,1.11,0.054545454545455965,0.054545454545455965,0.05454545454545601,0.035,0.035,0.03500000000000001,0.035,2.0,0.3,0.25,1.5,0.25,0.1,0.05
475,0.0,1.000909090909088,1.000909090909088,1.11,0.054545454545455965,0.054545454545455965,0.05454545454545601,0.035,0.035,0.03500000000000001,0.035,2.0,0.3,0.25,1.5,0.25,0.1,0.05
476,0.0,1.000909090909088,1.000909090909088,1.11,0.054545454545455965,0.054545454545455965,0.05454545454545601,0.035,0.035,0.03500000000000001,0.035,2.0,0.3,0.25,1.5,0.25,0.1,0.05
477,0.0,1.000909090909088,1.000909090909088,1.11,0.054545454545455965,0.054545454545455965,0.05454545454545601,0.035,0.035,0.03500000000000001,0.035,2.0,0.3,0.25,1.5,0.25,0.1,0.05
478,0.0,1.000909090909088,1.000909090909088,1.11,0.054545454545455965,0.054545454545455965,0.05454545454545601,0.035,0.035,0.03500000000000001,0.035,2.0,0.3,0.25,1.5,0.25,0.1,0.05
479,0.0,1.000909090909088,1.000909090909088,1.11,0.054545454545455965,0.054545454545455965,0.05454545454545601,0.035,0.035,0.03500000000000001,0.035,2.0,0.3,0.25,1.5,0.25,0.1,0.05
480,0.0,1.000909090909088,1.000909090909088,1.11,0.054545454545455965,0.054545454545455965,0.05454545454545601,0.035,0.035,0.03500000000000001,0.035,2.0,0.3,0.25,1.5,0.25,0.1,0.05
481,0.0,1.000909090909088,1.000909090909088,1.11,0.054545454545455965,0.054545454545455965,0.05454545454545601,0.035,0.035,0.03500000000000001,0.035,2.0,0.3,0.25,1.5,0.25,0.1,0.05
482,0.0,1.000909090909088,1.000909090909088,1.11,0.054545454545455965,0.054545454545455965,0.05454545454545601,0.035,0.035,0.03500000000000001,0.035,2.0,0.3,0.25,1.5,0.25,0.1,0.05
483,0.0,1.000909090909088,1.000909090909088,1.11,0.054545454545455965,0.054545454545455965,0.05454545454545601,0.035,0.035,0.03500000000000001,0.035,2.0,0.3,0.25,1.5,0.25,0.1,0.05
484,0.0,1.000909090909088,1.000909090909088,1.11,0.054545454545455965,0.054545454545455965,0.05454545454545601,0.035,0.035,0.03500000000000001,0.035,2.0,0.3,0.25,1.5,0.25,0.1,0.05
485,0.0,1.000909090909088,1.000909090909088,1.11,0.054545454545455965,0.054545454545455965,0.05454545454545601,0.035,0.035,0.03500000000000001,0.035,2.0,0.3,0.25,1.5,0.25,0.1,0.05
486,0.0,1.000909090909088,1.000909090909088,1.11,0.054545454545455965,0.054545454545455965,0.05454545454545601,0.035,0.035,0.03500000000000001,0.035,2.0,0.3,0.25,1.5,0.25,0.1,0.05
487,0.0,1.000909090909088,1.000909090909088,1.11,0.054545454545455965,0.054545454545455965,0.05454545454545601,0.035,0.035,0.03500000000000001,0.035,2.0,0.3,0.25,1.5,0.25,0.1,0.05
488,0.0,1.000909090909088,1.000909090909088,1.11,0.054545454545455965,0.054545454545455965,0.05454545454545601,0.035,0.035,0.03500000000000001,0.035,2.0,0.3,0.25,1.5,0.25,0.1,0.05
489,0.0,1.000909090909088,1.000909090909088,1.11,0.054545454545455965,0.054545454545455965,0.05454545454545601,0.035,0.035,0.03500000000000001,0.035,2.0,0.3,0.25,1.5,0.25,0.1,0.05
490,0.0,1.000909090909088,1.000909090909088,1.11,0.054545454545455965,0.054545454545455965,0.05454545454545601,0.035,0.035,0.03500000000000001,0.035,2.0,0.3,0.25,1.5,0.25,0.1,0.05
491,0.0,1.000909090909088,1.000909090909088,1.11,0.054545454545455965,0.054545454545455965,0.05454545454545601,0.035,0.035,0.03500000000000001,0.035,2.0,0.3,0.25,1.5,0.25,0.1,0.05
492,0.0,1.000909090909088,1.000909090909088,1.11,0.054545454545455965,0.054545454545455965,0.05454545454545601,0.035,0.035,0.03500000000000001,0.035,2.0,0.3,0.25,1.5,0.25,0.1,0.05
493,0.0,1.000909090909088,1.000909090909088,1.11,0.054545454545455965,0.054545454545455965,0.05454545454545601,0.035,0.035,0.03500000000000001,0.035,2.0,0.3,0.25,1.5,0.25,0.1,0.05
494,0.0,1.000909090909088,1.000909090909088,1.11,0.054545454545455965,0.054545454545455965,0.05454545454545601,0.035,0.035,0.03500000000000001,0.035,2.0,0.3,0.25,1.5,0.25,0.1,0.05
495,0.0,1.000909090909088,1.000909090909088,1.11,0.054545454545455965,0.054545454545455965,0.05454545454545601,0.035,0.035,0.03500000000000001,0.035,2.0,0.3,0.25,1.5,0.25,0.1,0.05
496,0.0,1.000909090909088,1.000909090909088,1.11,0.054545454545455965,0.054545454545455965,0.05454545454545601,0.035,0.035,0.03500000000000001,0.035,2.0,0.3,0.25,1.5,0.25,0.1,0.05
497,0.0,1.000909090909088,1.000909090909088,1.11,0.054545454545455965,0.054545454545455965,0.05454545454545601,0.035,0.035,0.03500000000000001,0.035,2.0,0.3,0.25,1.5,0.25,0.1,0.05
498,0.0,1.000909090909088,1.000909090909088,1.11,0.054545454545455965,0.054545454545455965,0.05454545454545601,0.035,0.035,0.03500000000000001,0.035,2.0,0.3,0.25,1.5,0.25,0.1,0.05
499,0.0,1.000909090909088,1.000909090909088,1.11,0.054545454545455965,0.054545454545455965,0.05454545454545601,0.035,0.035,0.03500000000000001,0.035,2.0,0.3,0.25,1.5,0.25,0.1,0.05
500,0.0,1.000909090909088,1.000909090909088,1.11,0.054545454545455965,0.054545454545455965,0.05454545454545601,0.035,0.035,0.03500000000000001,0.035,2.0,0.3,0.25,1.5,0.25,0.1,0.05
501,0.0,1.000909090909088,1.000909090909088,1.11,0.054545454545455965,0.054545454545455965,0.05454545454545601,0.035,0.035,0.03500000000000001,0.035,2.0,0.3,0.25,1.5,0.25,0.1,0.05
502,0.0,1.000909090909088,1.000909090909088,1.11,0.054545454545455965,0.054545454545455965,0.05454545454545601,0.035,0.035,0.03500000000000001,0.035,2.0,0.3,0.25,1.5,0.25,0.1,0.05
503,0.0,1.000909090909088,1.000909090909088,1.11,0.054545454545455965,0.054545454545455965,0.05454545454545601,0.035,0.035,0.03500000000000001,0.035,2.0,0.3,0.25,1.5,0.25,0.1,0.05
504,0.0,1.000909090909088,1.000909090909088,1.11,0.054545454545455965,0.054545454545455965,0.05454545454545601,0.035,0.035,0.03500000000000001,0.035,2.0,0.3,0.25,1.5,0.25,0.1,0.05
505,0.0,1.000909090909088,1.000909090909088,1.11,0.054545454545455965,0.054545454545455965,0.05454545454545601,0.035,0.035,0.03500000000000001,0.035,2.0,0.3,0.25,1.5,0.25,0.1,0.05
506,0.0,1.000909090909088,1.000909090909088,1.11,0.054545454545455965,0.054545454545455965,0.05454545454545601,0.035,0.035,0.03500000000000001,0.035,2.0,0.3,0.25,1.5,0.25,0.1,0.05
507,0.0,1.000909090909088,1.000909090909088,1.11,0.054545454545455965,0.054545454545455965,0.05454545454545601,0.035,0.035,0.03500000000000001,0.035,2.0,0.3,0.25,1.5,0.25,0.1,0.05
508,0.0,1.000909090909088,1.000909090909088,1.11,0.054545454545455965,0.054545454545455965,0.05454545454545601,0.035,0.035,0.03500000000000001,0.035,2.0,0.3,0.25,1.5,0.25,0.1,0.05
509,0.0,1.000909090909088,1.000909090909088,1.11,0.054545454545455965,0.054545454545455965,0.05454545454545601,0.035,0.035,0.03500000000000001,0.035,2.0,0.3,0.25,1.5,0.25,0.1,0.05
